+ /private/tmp/rs-py312-rel-holder/bin/python -m unittest discover -s tests -v
test_concurrent_append_integrity (test_adversarial.TestEventAppendConcurrency.test_concurrent_append_integrity) ... ok
test_tampered_predecessor_blocks (test_adversarial.TestPredecessorCrypto.test_tampered_predecessor_blocks) ... ok
test_postflight_fails_on_contract_hash_drift_before_assertions (test_adversarial.TestReapprovalAndPostflightProvenance.test_postflight_fails_on_contract_hash_drift_before_assertions) ... ok
test_refuse_reapproval_after_completed (test_adversarial.TestReapprovalAndPostflightProvenance.test_refuse_reapproval_after_completed) ... ok
test_timeout_cannot_be_certified_even_with_matching_exit_code (test_adversarial.TestReapprovalAndPostflightProvenance.test_timeout_cannot_be_certified_even_with_matching_exit_code) ... ok
test_current_contract_tamper_fails_verify (test_adversarial.TestStrictVerifyAdversarial.test_current_contract_tamper_fails_verify) ... ok
test_current_source_tamper_fails_verify (test_adversarial.TestStrictVerifyAdversarial.test_current_source_tamper_fails_verify) ... ok
test_deleted_state_fails_verify (test_adversarial.TestStrictVerifyAdversarial.test_deleted_state_fails_verify) ... ok
test_json_only_assertion_is_absent_before_run_and_hashed_in_receipt (test_adversarial.TestStrictVerifyAdversarial.test_json_only_assertion_is_absent_before_run_and_hashed_in_receipt) ... ok
test_output_tamper_fails_verify (test_adversarial.TestStrictVerifyAdversarial.test_output_tamper_fails_verify) ... ok
test_duplicate_contract_field_refused (test_approval_paths.TestApprovalAndPaths.test_duplicate_contract_field_refused) ... ok
test_output_existence_refused (test_approval_paths.TestApprovalAndPaths.test_output_existence_refused) ... ok
test_path_escape_cwd (test_approval_paths.TestApprovalAndPaths.test_path_escape_cwd) ... ok
test_path_escape_output (test_approval_paths.TestApprovalAndPaths.test_path_escape_output) ... ok
test_relative_path_entry_binds_and_launches_same_executable (test_approval_paths.TestApprovalAndPaths.test_relative_path_entry_binds_and_launches_same_executable) ... ok
test_runtime_executable_drift_refused (test_approval_paths.TestApprovalAndPaths.test_runtime_executable_drift_refused) ... ok
test_stale_approval_contract_changed (test_approval_paths.TestApprovalAndPaths.test_stale_approval_contract_changed) ... ok
test_stale_approval_expired (test_approval_paths.TestApprovalAndPaths.test_stale_approval_expired) ... ok
test_stale_approval_source_changed (test_approval_paths.TestApprovalAndPaths.test_stale_approval_source_changed) ... ok
test_tty_required (test_approval_paths.TestApprovalAndPaths.test_tty_required) ... ok
test_unknown_contract_field_refused (test_approval_paths.TestApprovalAndPaths.test_unknown_contract_field_refused) ... ok
test_unknown_nested_contract_field_refused (test_approval_paths.TestApprovalAndPaths.test_unknown_nested_contract_field_refused) ... ok
test_unsafe_caps_refused (test_approval_paths.TestApprovalAndPaths.test_unsafe_caps_refused) ... ok
test_wrong_confirm_phrase (test_approval_paths.TestApprovalAndPaths.test_wrong_confirm_phrase) ... ok
test_bundle_includes_refusals_after_remote_confirm_refuse (test_bundle.TestIncidentBundle.test_bundle_includes_refusals_after_remote_confirm_refuse) ... ok
test_bundle_omits_challenge_secret_and_surfaces_confirm_channel (test_bundle.TestIncidentBundle.test_bundle_omits_challenge_secret_and_surfaces_confirm_channel) ... ok
test_cli_bundle_writes_manifest (test_bundle.TestIncidentBundle.test_cli_bundle_writes_manifest) ... ok
test_postflight_bundle_verify_json_and_chain (test_bundle.TestIncidentBundle.test_postflight_bundle_verify_json_and_chain) ... ok
test_host_capabilities_selects_linux_bwrap_without_claiming_enforced (test_bwrap_linux.BwrapCapabilityAndCliTests.test_host_capabilities_selects_linux_bwrap_without_claiming_enforced) ... ok
test_isolation_cli_reports_unavailable_without_failing (test_bwrap_linux.BwrapCapabilityAndCliTests.test_isolation_cli_reports_unavailable_without_failing) ... ok
test_default_argv_denies_network_binds_workspace_and_does_not_execute (test_bwrap_linux.BwrapConstructionNetworkTests.test_default_argv_denies_network_binds_workspace_and_does_not_execute) ... ok
test_network_allowed_omits_unshare_net_and_records_allowed (test_bwrap_linux.BwrapConstructionNetworkTests.test_network_allowed_omits_unshare_net_and_records_allowed) ... ok
test_tool_inside_workspace_is_refused (test_bwrap_linux.BwrapConstructionNetworkTests.test_tool_inside_workspace_is_refused) ... ok
test_default_argv_denies_network_binds_workspace_and_does_not_execute (test_bwrap_linux.BwrapConstructionTests.test_default_argv_denies_network_binds_workspace_and_does_not_execute) ... ok
test_outside_write_is_blocked_and_not_certified (test_bwrap_linux.BwrapLinuxIntegrationTests.test_outside_write_is_blocked_and_not_certified) ... skipped 'bwrap is not installed; real confinement spawn skipped'
test_network_is_denied_at_runtime (test_bwrap_linux.BwrapLinuxNetworkAndWriteTests.test_network_is_denied_at_runtime) ... skipped 'bwrap is not installed; real confinement spawn skipped'
test_workspace_write_still_succeeds_and_is_certified (test_bwrap_linux.BwrapLinuxNetworkAndWriteTests.test_workspace_write_still_succeeds_and_is_certified) ... skipped 'bwrap is not installed; real confinement spawn skipped'
test_missing_bwrap_fails_closed_before_spawn (test_bwrap_linux.BwrapMissingBackendTests.test_missing_bwrap_fails_closed_before_spawn) ... ok
test_list_keys_api_rejects_symlinked_keys_dir (test_cli_signing.TestListKeysSymlinkSecurity.test_list_keys_api_rejects_symlinked_keys_dir)
list_signing_keys() API should reject symlinked keys directory. ... ok
test_list_keys_rejects_symlinked_keys_dir_inside (test_cli_signing.TestListKeysSymlinkSecurity.test_list_keys_rejects_symlinked_keys_dir_inside)
list-keys should reject symlinked keys directory pointing inside workspace. ... ok
test_list_keys_rejects_symlinked_keys_dir_outside (test_cli_signing.TestListKeysSymlinkSecurity.test_list_keys_rejects_symlinked_keys_dir_outside)
list-keys should reject symlinked keys directory pointing outside. ... ok
test_sign_command_does_not_crash_on_import (test_cli_signing.TestSignCommand.test_sign_command_does_not_crash_on_import)
sign command should not crash with ImportError. ... ok
test_sign_missing_key_error (test_cli_signing.TestSignCommand.test_sign_missing_key_error)
sign should report clear error for missing key without traceback. ... ok
test_sign_rejects_fabricated_certificate (test_cli_signing.TestSignCommand.test_sign_rejects_fabricated_certificate)
sign should reject a fabricated certificate with modified source_hash. ... ok
test_sign_valid_canonical_receipt (test_cli_signing.TestSignCommand.test_sign_valid_canonical_receipt)
sign should succeed for a valid canonical receipt. ... ok
test_verify_signature_command_does_not_crash_on_import (test_cli_signing.TestVerifySignatureCommand.test_verify_signature_command_does_not_crash_on_import)
verify-signature command should not crash with ImportError. ... ok
test_verify_signature_missing_file_error (test_cli_signing.TestVerifySignatureCommand.test_verify_signature_missing_file_error)
verify-signature should report clear error for missing file. ... ok
test_verify_signature_rejects_signed_fabricated_receipt (test_cli_signing.TestVerifySignatureCommand.test_verify_signature_rejects_signed_fabricated_receipt)
verify-signature should reject a signed fabricated certificate. ... ok
test_verify_signature_valid_signed_receipt (test_cli_signing.TestVerifySignatureCommand.test_verify_signature_valid_signed_receipt)
verify-signature should succeed for a properly signed canonical receipt. ... ok
test_bind_policy_fail_closed (test_companion.TestCompanion.test_bind_policy_fail_closed) ... ok
test_capabilities_refuse_approval_and_execution (test_companion.TestCompanion.test_capabilities_refuse_approval_and_execution) ... ok
test_companion_serves_status_and_rejects_approve (test_companion.TestCompanion.test_companion_serves_status_and_rejects_approve) ... ok
test_forbidden_paths_include_lifecycle_verbs (test_companion.TestCompanion.test_forbidden_paths_include_lifecycle_verbs) ... ok
test_lan_bind_refuses_without_flag (test_companion.TestCompanion.test_lan_bind_refuses_without_flag) ... ok
test_make_handler_exists (test_companion.TestCompanion.test_make_handler_exists) ... ok
test_start_companion_requires_token_strength (test_companion.TestCompanion.test_start_companion_requires_token_strength) ... ok
test_notify_attention_requests_sound_by_default (test_companion_tls_attention.TestCompanionAttention.test_notify_attention_requests_sound_by_default) ... ok
test_notify_mac_off_darwin_is_noop (test_companion_tls_attention.TestCompanionAttention.test_notify_mac_off_darwin_is_noop) ... ok
test_ephemeral_tls_material_and_https_loopback (test_companion_tls_attention.TestCompanionTLS.test_ephemeral_tls_material_and_https_loopback) ... ok
test_host_requires_tls_policy (test_companion_tls_attention.TestCompanionTLS.test_host_requires_tls_policy) ... ok
test_non_loopback_without_openssl_fails_closed_when_forced (test_companion_tls_attention.TestCompanionTLS.test_non_loopback_without_openssl_fails_closed_when_forced) ... ok
test_remote_confirm_transport_gate (test_companion_tls_attention.TestCompanionTLS.test_remote_confirm_transport_gate) ... ok
test_bad_utf8_and_bom (test_contract_parser_adversarial.ContractParserAdversarialTests.test_bad_utf8_and_bom) ... ok
test_bool_is_not_int_and_float_version (test_contract_parser_adversarial.ContractParserAdversarialTests.test_bool_is_not_int_and_float_version) ... ok
test_cap_and_ttl_extrema (test_contract_parser_adversarial.ContractParserAdversarialTests.test_cap_and_ttl_extrema) ... ok
test_duplicate_keys_rejected (test_contract_parser_adversarial.ContractParserAdversarialTests.test_duplicate_keys_rejected) ... ok
test_empty_argv_and_ids (test_contract_parser_adversarial.ContractParserAdversarialTests.test_empty_argv_and_ids) ... ok
test_happy_path_still_loads (test_contract_parser_adversarial.ContractParserAdversarialTests.test_happy_path_still_loads) ... ok
test_malformed_json_empty_and_non_object (test_contract_parser_adversarial.ContractParserAdversarialTests.test_malformed_json_empty_and_non_object) ... ok
test_malformed_json_truncated (test_contract_parser_adversarial.ContractParserAdversarialTests.test_malformed_json_truncated) ... ok
test_nul_in_string_rejected (test_contract_parser_adversarial.ContractParserAdversarialTests.test_nul_in_string_rejected) ... ok
test_oversized_contract_bytes (test_contract_parser_adversarial.ContractParserAdversarialTests.test_oversized_contract_bytes) ... ok
test_oversized_string_and_argv (test_contract_parser_adversarial.ContractParserAdversarialTests.test_oversized_string_and_argv) ... ok
test_path_escape_on_check_contract_paths (test_contract_parser_adversarial.ContractParserAdversarialTests.test_path_escape_on_check_contract_paths) ... ok
test_policy_abs_and_tilde_refused (test_contract_parser_adversarial.ContractParserAdversarialTests.test_policy_abs_and_tilde_refused) ... ok
test_predecessor_gating_flags (test_contract_parser_adversarial.ContractParserAdversarialTests.test_predecessor_gating_flags) ... ok
test_sha256_length_and_hex (test_contract_parser_adversarial.ContractParserAdversarialTests.test_sha256_length_and_hex) ... ok
test_source_unchanged_must_be_true (test_contract_parser_adversarial.ContractParserAdversarialTests.test_source_unchanged_must_be_true) ... ok
test_unknown_fields_on_nested_objects (test_contract_parser_adversarial.ContractParserAdversarialTests.test_unknown_fields_on_nested_objects) ... ok
test_unsafe_campaign_and_run_ids (test_contract_parser_adversarial.ContractParserAdversarialTests.test_unsafe_campaign_and_run_ids) ... ok
test_approval_expiring_during_runtime_checks_cannot_launch (test_core_hardening.TestApprovalDeadline.test_approval_expiring_during_runtime_checks_cannot_launch) ... ok
test_expiry_boundary_and_nonfinite_timestamps_fail_closed (test_core_hardening.TestApprovalDeadline.test_expiry_boundary_and_nonfinite_timestamps_fail_closed) ... ok
test_contract_hash_describes_the_bytes_that_were_parsed (test_core_hardening.TestContractSnapshot.test_contract_hash_describes_the_bytes_that_were_parsed) ... ok
test_missing_equals_is_not_silently_treated_as_null (test_core_hardening.TestContractSnapshot.test_missing_equals_is_not_silently_treated_as_null) ... ok
test_json_booleans_do_not_satisfy_numeric_assertions (test_core_hardening.TestJsonAssertions.test_json_booleans_do_not_satisfy_numeric_assertions) ... ok
test_explicitly_excluded_symlink_root_is_skipped (test_core_hardening.TestSourceRootSymlinks.test_explicitly_excluded_symlink_root_is_skipped) ... ok
test_symlink_in_source_root_parent_is_refused (test_core_hardening.TestSourceRootSymlinks.test_symlink_in_source_root_parent_is_refused) ... ok
test_symlink_used_as_a_source_root_is_refused (test_core_hardening.TestSourceRootSymlinks.test_symlink_used_as_a_source_root_is_refused) ... ok
test_dashboard_binds_loopback_only (test_dashboard.TestDashboard.test_dashboard_binds_loopback_only) ... ok
test_dashboard_is_loopback_read_only_and_scoped_to_contract (test_dashboard.TestDashboard.test_dashboard_is_loopback_read_only_and_scoped_to_contract) ... ok
test_dashboard_lifecycle_states_follow_evidence (test_dashboard.TestDashboard.test_dashboard_lifecycle_states_follow_evidence) ... ok
test_dashboard_shell_quotes_copyable_paths (test_dashboard.TestDashboard.test_dashboard_shell_quotes_copyable_paths) ... ok
test_corrupt_evidence_returns_controlled_unavailable_response (test_dashboard.TestDashboardHTTP.test_corrupt_evidence_returns_controlled_unavailable_response) ... ok
test_cross_origin_and_cross_site_requests_are_rejected (test_dashboard.TestDashboardHTTP.test_cross_origin_and_cross_site_requests_are_rejected) ... ok
test_edited_contract_hash_cannot_be_mixed_with_bound_run_evidence (test_dashboard.TestDashboardHTTP.test_edited_contract_hash_cannot_be_mixed_with_bound_run_evidence) ... ok
test_edited_contract_identity_cannot_switch_dashboard_run (test_dashboard.TestDashboardHTTP.test_edited_contract_identity_cannot_switch_dashboard_run) ... ok
test_foreign_missing_duplicate_and_ambiguous_host_are_rejected (test_dashboard.TestDashboardHTTP.test_foreign_missing_duplicate_and_ambiguous_host_are_rejected) ... ok
test_status_and_document_are_available_for_exact_loopback_host (test_dashboard.TestDashboardHTTP.test_status_and_document_are_available_for_exact_loopback_host) ... ok
test_unknown_routes_do_not_expose_workspace_files (test_dashboard.TestDashboardHTTP.test_unknown_routes_do_not_expose_workspace_files) ... ok
test_write_methods_are_rejected_without_creating_run_evidence (test_dashboard.TestDashboardHTTP.test_write_methods_are_rejected_without_creating_run_evidence) ... ok
test_approval_expiry_does_not_retroactively_fail_completed_run (test_dashboard.TestDashboardPresentation.test_approval_expiry_does_not_retroactively_fail_completed_run) ... ok
test_argv_outputs_and_evidence_are_escaped_as_text (test_dashboard.TestDashboardPresentation.test_argv_outputs_and_evidence_are_escaped_as_text) ... ok
test_empty_history_is_neutral_and_invalid_history_demands_attention (test_dashboard.TestDashboardPresentation.test_empty_history_is_neutral_and_invalid_history_demands_attention) ... ok
test_expired_approval_requires_attention_before_launch (test_dashboard.TestDashboardPresentation.test_expired_approval_requires_attention_before_launch) ... ok
test_mismatched_approval_is_never_presented_as_current (test_dashboard.TestDashboardPresentation.test_mismatched_approval_is_never_presented_as_current) ... ok
test_postflight_and_certificate_do_not_imply_live_verification (test_dashboard.TestDashboardPresentation.test_postflight_and_certificate_do_not_imply_live_verification) ... ok
test_postflight_failures_are_visible_and_identify_failed_step (test_dashboard.TestDashboardPresentation.test_postflight_failures_are_visible_and_identify_failed_step) ... ok
test_cli_missing_contract_has_readable_error_without_traceback (test_demo_cli.TestDemoCLI.test_cli_missing_contract_has_readable_error_without_traceback) ... ok
test_demo_creates_valid_unapproved_contract_without_outputs (test_demo_cli.TestDemoCLI.test_demo_creates_valid_unapproved_contract_without_outputs) ... ok
test_demo_refuses_existing_directory_without_mutation (test_demo_cli.TestDemoCLI.test_demo_refuses_existing_directory_without_mutation) ... ok
test_interrupted_dashboard_does_not_claim_no_approval_exists (test_demo_cli.TestDemoCLI.test_interrupted_dashboard_does_not_claim_no_approval_exists) ... ok
test_diff_reports_two_receipts_without_failing (test_digest.DigestTests.test_diff_reports_two_receipts_without_failing) ... ok
test_digest_is_not_verify_and_live_sees_a_changed_file (test_digest.DigestTests.test_digest_is_not_verify_and_live_sees_a_changed_file) ... ok
test_missing_certificate_is_an_error (test_digest.DigestTests.test_missing_certificate_is_an_error) ... ok
test_summary_diff_ignores_the_note (test_digest.DigestTests.test_summary_diff_ignores_the_note) ... ok
test_sigkill_at_each_fresh_create_phase_leaves_no_half_pair (test_ed25519.TestEd25519CrashSafeRotation.test_sigkill_at_each_fresh_create_phase_leaves_no_half_pair) ... skipped 'PyNaCl not installed'
test_sigkill_at_each_rotation_phase_recovers_working_pair (test_ed25519.TestEd25519CrashSafeRotation.test_sigkill_at_each_rotation_phase_recovers_working_pair) ... skipped 'PyNaCl not installed'
test_embedded_key_only_is_consistency_not_trusted (test_ed25519.TestEd25519Crypto.test_embedded_key_only_is_consistency_not_trusted)
Forged receipt: attacker embeds their own key — must not be ok/trusted. ... skipped "PyNaCl not installed; pip install 'runspecimen[ed25519]'"
test_forged_receipt_fails_against_victim_trust_anchor (test_ed25519.TestEd25519Crypto.test_forged_receipt_fails_against_victim_trust_anchor) ... skipped "PyNaCl not installed; pip install 'runspecimen[ed25519]'"
test_hmac_blob_rejected_by_ed25519_path (test_ed25519.TestEd25519Crypto.test_hmac_blob_rejected_by_ed25519_path) ... skipped "PyNaCl not installed; pip install 'runspecimen[ed25519]'"
test_sign_verify_roundtrip_and_wrong_key (test_ed25519.TestEd25519Crypto.test_sign_verify_roundtrip_and_wrong_key) ... skipped "PyNaCl not installed; pip install 'runspecimen[ed25519]'"
test_tamper_fails (test_ed25519.TestEd25519Crypto.test_tamper_fails) ... skipped "PyNaCl not installed; pip install 'runspecimen[ed25519]'"
test_foreign_key_journal_and_sidecar_names_are_rejected (test_ed25519.TestEd25519JournalPathTrust.test_foreign_key_journal_and_sidecar_names_are_rejected) ... skipped 'PyNaCl not installed'
test_forged_fresh_priv_installed_journal_does_not_wipe_complete_pair (test_ed25519.TestEd25519JournalPathTrust.test_forged_fresh_priv_installed_journal_does_not_wipe_complete_pair)
Forged fresh_priv_installed must not delete an already-complete live pair. ... skipped 'PyNaCl not installed'
test_forged_journal_does_not_touch_outside_victim (test_ed25519.TestEd25519JournalPathTrust.test_forged_journal_does_not_touch_outside_victim) ... skipped 'PyNaCl not installed'
test_malformed_journal_is_discarded_without_deleting_live_keys (test_ed25519.TestEd25519JournalPathTrust.test_malformed_journal_is_discarded_without_deleting_live_keys) ... skipped 'PyNaCl not installed'
test_relative_traversal_sidecar_is_rejected (test_ed25519.TestEd25519JournalPathTrust.test_relative_traversal_sidecar_is_rejected) ... skipped 'PyNaCl not installed'
test_symlink_sidecar_journal_is_rejected (test_ed25519.TestEd25519JournalPathTrust.test_symlink_sidecar_journal_is_rejected) ... skipped 'PyNaCl not installed'
test_cross_process_concurrent_creates_of_distinct_keys (test_ed25519.TestEd25519KeyDirConcurrency.test_cross_process_concurrent_creates_of_distinct_keys) ... skipped 'PyNaCl not installed'
test_cross_process_rotation_and_load_stay_consistent (test_ed25519.TestEd25519KeyDirConcurrency.test_cross_process_rotation_and_load_stay_consistent) ... skipped 'PyNaCl not installed'
test_nonblocking_lock_rejects_second_process (test_ed25519.TestEd25519KeyDirConcurrency.test_nonblocking_lock_rejects_second_process) ... skipped 'PyNaCl not installed'
test_extra_install_hint_is_documented (test_ed25519.TestEd25519OptionalDependency.test_extra_install_hint_is_documented) ... ok
test_export_public_key_does_not_read_private_seed (test_ed25519.TestEd25519Persistence.test_export_public_key_does_not_read_private_seed) ... skipped 'PyNaCl not installed'
test_failed_public_install_during_rotation_keeps_old_keypair (test_ed25519.TestEd25519Persistence.test_failed_public_install_during_rotation_keeps_old_keypair)
Private must not be removed if installing the new public path fails. ... skipped 'PyNaCl not installed'
test_failed_rotation_keeps_old_keypair (test_ed25519.TestEd25519Persistence.test_failed_rotation_keeps_old_keypair)
If public staging fails, the previous private+public pair must still load. ... skipped 'PyNaCl not installed'
test_interrupted_private_install_rolls_back_to_old_keypair (test_ed25519.TestEd25519Persistence.test_interrupted_private_install_rolls_back_to_old_keypair)
If new private install fails after new public is in place, restore old pair. ... skipped 'PyNaCl not installed'
test_private_key_created_with_0600_not_chmod_after (test_ed25519.TestEd25519Persistence.test_private_key_created_with_0600_not_chmod_after) ... skipped 'PyNaCl not installed'
test_public_key_file_load_refuses_symlink (test_ed25519.TestEd25519Persistence.test_public_key_file_load_refuses_symlink) ... skipped 'PyNaCl not installed'
test_refuse_overwrite_without_flag (test_ed25519.TestEd25519Persistence.test_refuse_overwrite_without_flag) ... skipped 'PyNaCl not installed'
test_refuse_symlink_private_key_on_load (test_ed25519.TestEd25519Persistence.test_refuse_symlink_private_key_on_load) ... skipped 'PyNaCl not installed'
test_refuse_symlink_private_key_path_on_save (test_ed25519.TestEd25519Persistence.test_refuse_symlink_private_key_path_on_save) ... skipped 'PyNaCl not installed'
test_refuse_symlink_public_key_on_load (test_ed25519.TestEd25519Persistence.test_refuse_symlink_public_key_on_load) ... skipped 'PyNaCl not installed'
test_rotate_overwrite_replaces_pair (test_ed25519.TestEd25519Persistence.test_rotate_overwrite_replaces_pair) ... skipped 'PyNaCl not installed'
test_save_load_and_list (test_ed25519.TestEd25519Persistence.test_save_load_and_list) ... skipped 'PyNaCl not installed'
test_symlink_swap_during_private_read_is_rejected (test_ed25519.TestEd25519Persistence.test_symlink_swap_during_private_read_is_rejected)
TOCTOU: path must be opened O_NOFOLLOW; fd fstat must reject link swaps. ... skipped 'PyNaCl not installed'
test_pyproject_declares_only_vetted_optional_extras (test_ed25519.TestPackagingOptionalExtras.test_pyproject_declares_only_vetted_optional_extras) ... ok
test_release_check_allows_vetted_optional_requires_dist (test_ed25519.TestPackagingOptionalExtras.test_release_check_allows_vetted_optional_requires_dist) ... ok
test_release_check_rejects_hard_dependency (test_ed25519.TestPackagingOptionalExtras.test_release_check_rejects_hard_dependency) ... ok
test_release_check_rejects_unvetted_extra (test_ed25519.TestPackagingOptionalExtras.test_release_check_rejects_unvetted_extra) ... ok
test_agent_passed_field_rejected_in_config (test_evidence_expansion.EvidenceExpansionTests.test_agent_passed_field_rejected_in_config) ... ok
test_cli_requirements_and_doctor (test_evidence_expansion.EvidenceExpansionTests.test_cli_requirements_and_doctor) ... ok
test_config_conflict_and_rollback (test_evidence_expansion.EvidenceExpansionTests.test_config_conflict_and_rollback) ... ok
test_decision_search_and_stale_flag (test_evidence_expansion.EvidenceExpansionTests.test_decision_search_and_stale_flag) ... ok
test_existing_showcase_certificate_still_loads (test_evidence_expansion.EvidenceExpansionTests.test_existing_showcase_certificate_still_loads) ... ok
test_missing_failed_skipped_not_success (test_evidence_expansion.EvidenceExpansionTests.test_missing_failed_skipped_not_success) ... ok
test_policy_refusal_actionable (test_evidence_expansion.EvidenceExpansionTests.test_policy_refusal_actionable) ... ok
test_requirement_edit_invalidates_applicability (test_evidence_expansion.EvidenceExpansionTests.test_requirement_edit_invalidates_applicability) ... ok
test_scenes_demo_runs (test_evidence_expansion.EvidenceExpansionTests.test_scenes_demo_runs) ... ok
test_snapshot_preview_preserves_user_changes (test_evidence_expansion.EvidenceExpansionTests.test_snapshot_preview_preserves_user_changes) ... ok
test_source_change_during_checks_invalidates_final_cert (test_evidence_expansion.EvidenceExpansionTests.test_source_change_during_checks_invalidates_final_cert) ... ok
test_tampered_evidence_report_detected (test_evidence_expansion.EvidenceExpansionTests.test_tampered_evidence_report_detected) ... ok
test_tampered_manifest_digest_detected (test_evidence_expansion.EvidenceExpansionTests.test_tampered_manifest_digest_detected) ... ok
test_unapproved_run_requirements_refuses (test_evidence_expansion.EvidenceExpansionTests.test_unapproved_run_requirements_refuses) ... ok
test_usage_duplicate_and_unknown (test_evidence_expansion.EvidenceExpansionTests.test_usage_duplicate_and_unknown) ... ok
test_adapter_consume_runs_from_snapshots_once (test_execution_holder.HeldRunTests.test_adapter_consume_runs_from_snapshots_once) ... ok
test_policy_without_holder_does_not_spawn_or_accept_a_phrase (test_execution_holder.HeldRunTests.test_policy_without_holder_does_not_spawn_or_accept_a_phrase) ... ok
test_slow_drip_exceeds_absolute_deadline (test_execution_holder.HolderAbsoluteDeadlineTests.test_slow_drip_exceeds_absolute_deadline) ... ok
test_input_mutation_does_not_spend_or_match_holder_identity (test_execution_holder.HolderCoreTests.test_input_mutation_does_not_spend_or_match_holder_identity) ... ok
test_pair_rotate_revoke_and_imported_label (test_execution_holder.HolderCoreTests.test_pair_rotate_revoke_and_imported_label) ... ok
test_phrase_expiry_and_unconnected_verifier_fail_closed (test_execution_holder.HolderCoreTests.test_phrase_expiry_and_unconnected_verifier_fail_closed) ... ok
test_replay_rollback_downgrade_and_state_loss (test_execution_holder.HolderCoreTests.test_replay_rollback_downgrade_and_state_loss) ... ok
test_uncertain_child_blocks_and_cancel_clears (test_execution_holder.HolderCoreTests.test_uncertain_child_blocks_and_cancel_clears) ... ok
test_bootstrap_and_signed_local_execute_from_snapshots (test_execution_holder.HolderCryptoAndExecuteTests.test_bootstrap_and_signed_local_execute_from_snapshots) ... ok
test_caller_clock_cannot_bypass_expiry (test_execution_holder.HolderFailClosedRegressionTests.test_caller_clock_cannot_bypass_expiry) ... ok
test_local_only_authorization_cannot_downgrade_dual (test_execution_holder.HolderFailClosedRegressionTests.test_local_only_authorization_cannot_downgrade_dual) ... ok
test_malformed_lease_fails_closed (test_execution_holder.HolderFailClosedRegressionTests.test_malformed_lease_fails_closed) ... ok
test_closed_gate_wrong_byte_and_read_error_do_not_exec (test_execution_holder.HolderForgedSignatureAndSupervisionTests.test_closed_gate_wrong_byte_and_read_error_do_not_exec)
EOF, a wrong byte, and a read error are not permission to run. ... holder-supervise-exec: gate read failed: [Errno 9] Bad file descriptor
ok
test_cryptokit_p256_authorizes_a_bounded_run_and_is_not_hardware (test_execution_holder.HolderForgedSignatureAndSupervisionTests.test_cryptokit_p256_authorizes_a_bounded_run_and_is_not_hardware)
CryptoKit can verify a signature. That signature is not a Secure Enclave. ... ok
test_double_fork_setsid_retains_the_lease (test_execution_holder.HolderForgedSignatureAndSupervisionTests.test_double_fork_setsid_retains_the_lease)
A real fast setsid grandchild must not clear the lease. ... ok
test_identity_point_forge_is_rejected_without_handwritten_verifier (test_execution_holder.HolderForgedSignatureAndSupervisionTests.test_identity_point_forge_is_rejected_without_handwritten_verifier) ... ok
test_inspection_failure_retains_the_lease (test_execution_holder.HolderForgedSignatureAndSupervisionTests.test_inspection_failure_retains_the_lease) ... ok
test_linux_subreaper_is_cleared_after_the_payload_exits (test_execution_holder.HolderForgedSignatureAndSupervisionTests.test_linux_subreaper_is_cleared_after_the_payload_exits)
PR_SET_CHILD_SUBREAPER must not stay on after the payload parent exits. ... ok
test_owner_chmod_mutates_and_root_seal_does_not_chown_payload (test_execution_holder.HolderForgedSignatureAndSupervisionTests.test_owner_chmod_mutates_and_root_seal_does_not_chown_payload) ... ok
test_production_rejects_software_test_double (test_execution_holder.HolderForgedSignatureAndSupervisionTests.test_production_rejects_software_test_double) ... ok
test_production_socket_path_ignores_env_override (test_execution_holder.HolderForgedSignatureAndSupervisionTests.test_production_socket_path_ignores_env_override) ... ok
test_relative_interpreter_is_refused_before_spawn (test_execution_holder.HolderForgedSignatureAndSupervisionTests.test_relative_interpreter_is_refused_before_spawn) ... ok
test_reparented_pid_is_outside_the_post_wait_tree (test_execution_holder.HolderForgedSignatureAndSupervisionTests.test_reparented_pid_is_outside_the_post_wait_tree)
setsid children reparent to init and disappear from the parent tree. ... ok
test_snapshot_is_not_world_readable_and_omits_protected_state (test_execution_holder.HolderForgedSignatureAndSupervisionTests.test_snapshot_is_not_world_readable_and_omits_protected_state) ... ok
test_unarmed_spawn_reaps_without_running_and_keeps_a_living_child (test_execution_holder.HolderForgedSignatureAndSupervisionTests.test_unarmed_spawn_reaps_without_running_and_keeps_a_living_child) ... ok
test_vetted_ed25519_is_not_secure_enclave_approval (test_execution_holder.HolderForgedSignatureAndSupervisionTests.test_vetted_ed25519_is_not_secure_enclave_approval) ... ok
test_caller_impersonation_fails (test_execution_holder.HolderIpcTests.test_caller_impersonation_fails) ... ok
test_protocol_downgrade_is_refused (test_execution_holder.HolderIpcTests.test_protocol_downgrade_is_refused) ... ok
test_hmac_is_rejected_for_local_policy (test_execution_holder.HolderQA5dd1AsymmetricTests.test_hmac_is_rejected_for_local_policy) ... ok
test_entrypoint_refuses_pythonpath (test_execution_holder.HolderQA5dd1EntrypointTests.test_entrypoint_refuses_pythonpath) ... ok
test_holder_entry_bootstraps_without_rs_holder_module_root (test_execution_holder.HolderQA5dd1EntrypointTests.test_holder_entry_bootstraps_without_rs_holder_module_root) ... ok
test_env_uid_is_not_authenticated_peer_mapping (test_execution_holder.HolderQA5dd1PrivilegeAndSnapshotTests.test_env_uid_is_not_authenticated_peer_mapping) ... ok
test_payload_identity_refuses_uid_zero (test_execution_holder.HolderQA5dd1PrivilegeAndSnapshotTests.test_payload_identity_refuses_uid_zero) ... ok
test_setsid_descendant_keeps_lease_until_tree_gone (test_execution_holder.HolderQA5dd1PrivilegeAndSnapshotTests.test_setsid_descendant_keeps_lease_until_tree_gone) ... ok
test_snapshots_live_outside_state_and_are_payload_readable (test_execution_holder.HolderQA5dd1PrivilegeAndSnapshotTests.test_snapshots_live_outside_state_and_are_payload_readable) ... ok
test_bootstrap_cannot_authorize_consume (test_execution_holder.HolderQA69RegressionTests.test_bootstrap_cannot_authorize_consume) ... ok
test_execute_refuses_caller_interpreter_override (test_execution_holder.HolderQA69RegressionTests.test_execute_refuses_caller_interpreter_override) ... ok
test_mutate_launch_argv_after_consume_fails (test_execution_holder.HolderQA69RegressionTests.test_mutate_launch_argv_after_consume_fails) ... ok
test_non_root_execute_records_least_privilege_identity (test_execution_holder.HolderQA69RegressionTests.test_non_root_execute_records_least_privilege_identity) ... ok
test_refuses_pythonpath_and_homebrew (test_execution_holder.HolderRuntimeTrustTests.test_refuses_pythonpath_and_homebrew) ... ok
test_unknown_lease_field_fails_closed (test_execution_holder.HolderSchemaRegressionTests.test_unknown_lease_field_fails_closed) ... ok
test_stalled_client_and_oversize_frame_are_refused (test_execution_holder.HolderSocketAdmissionTests.test_stalled_client_and_oversize_frame_are_refused) ... ok
test_ordinary_contract_still_uses_the_typed_phrase (test_execution_holder.PhrasePathUnchangedTests.test_ordinary_contract_still_uses_the_typed_phrase) ... ok
test_eval_complete_cli (test_fastpath.CliAndSchemaTests.test_eval_complete_cli) ... ok
test_schema_kind_is_registered (test_fastpath.CliAndSchemaTests.test_schema_kind_is_registered) ... ok
test_duplicate_rule_id (test_fastpath.ConfigValidationTests.test_duplicate_rule_id) ... ok
test_empty_match_and_empty_normalized (test_fastpath.ConfigValidationTests.test_empty_match_and_empty_normalized) ... ok
test_malformed_and_empty_respond_text (test_fastpath.ConfigValidationTests.test_malformed_and_empty_respond_text) ... ok
test_normalized_collision_is_order_independent (test_fastpath.ConfigValidationTests.test_normalized_collision_is_order_independent) ... ok
test_valid_outcomes (test_fastpath.ConfigValidationTests.test_valid_outcomes) ... ok
test_latest_eval_result_is_summarized (test_fastpath.DashboardStatsTests.test_latest_eval_result_is_summarized) ... ok
test_absent_fastpath_preserves_provider_behavior (test_fastpath.EvalDispatchTests.test_absent_fastpath_preserves_provider_behavior) ... ok
test_hit_never_crosses_provider_dispatch (test_fastpath.EvalDispatchTests.test_hit_never_crosses_provider_dispatch) ... ok
test_invalid_embedded_fastpath_is_a_config_error (test_fastpath.EvalDispatchTests.test_invalid_embedded_fastpath_is_a_config_error) ... ok
test_structured_action_is_not_intercepted (test_fastpath.EvalDispatchTests.test_structured_action_is_not_intercepted) ... ok
test_unmatched_uses_existing_provider_path (test_fastpath.EvalDispatchTests.test_unmatched_uses_existing_provider_path) ... ok
test_lowercase_and_casefold (test_fastpath.NormalizeTests.test_lowercase_and_casefold) ... ok
test_outer_and_internal_whitespace (test_fastpath.NormalizeTests.test_outer_and_internal_whitespace) ... ok
test_question_comma_emoji_and_suffix_remain (test_fastpath.NormalizeTests.test_question_comma_emoji_and_suffix_remain) ... ok
test_terminal_punctuation_only (test_fastpath.NormalizeTests.test_terminal_punctuation_only) ... ok
test_binding_preserves_one_pass_normalization (test_fastpath.QaRegressionTests.test_binding_preserves_one_pass_normalization) ... ok
test_dashboard_refresh_updates_fastpath_fields (test_fastpath.QaRegressionTests.test_dashboard_refresh_updates_fastpath_fields) ... ok
test_eval_run_cli_enabled_disabled_and_digest_bound (test_fastpath.QaRegressionTests.test_eval_run_cli_enabled_disabled_and_digest_bound) ... ok
test_human_required_text_completion_falls_through (test_fastpath.QaRegressionTests.test_human_required_text_completion_falls_through) ... ok
test_invalid_contract_and_unauthorized_check_stay_off_fastpath (test_fastpath.QaRegressionTests.test_invalid_contract_and_unauthorized_check_stay_off_fastpath) ... ok
test_load_then_run_twice_does_not_accept_compiled_index (test_fastpath.QaRegressionTests.test_load_then_run_twice_does_not_accept_compiled_index) ... ok
test_phrase_does_not_pass_requirement_tasks (test_fastpath.QaRegressionTests.test_phrase_does_not_pass_requirement_tasks) ... ok
test_repeated_parse_and_digest_keep_serialized_fastpath (test_fastpath.QaRegressionTests.test_repeated_parse_and_digest_keep_serialized_fastpath) ... ok
test_supplied_cost_is_kept_and_missing_usage_stays_unknown (test_fastpath.QaRegressionTests.test_supplied_cost_is_kept_and_missing_usage_stays_unknown) ... ok
test_disabled_and_absent (test_fastpath.RequestTests.test_disabled_and_absent) ... ok
test_hit_and_no_response (test_fastpath.RequestTests.test_hit_and_no_response) ... ok
test_near_match_and_question_fall_through (test_fastpath.RequestTests.test_near_match_and_question_fall_through) ... ok
test_pending_confirmation_and_approve_are_not_swallowed (test_fastpath.RequestTests.test_pending_confirmation_and_approve_are_not_swallowed) ... ok
test_missing_report_fails_without_writing (test_freshness_show.FreshnessShowTests.test_missing_report_fails_without_writing) ... ok
test_path_mutations_fail_closed (test_fuzz_contracts.FuzzContractTests.test_path_mutations_fail_closed) ... ok
test_random_contract_mutations_fail_closed (test_fuzz_contracts.FuzzContractTests.test_random_contract_mutations_fail_closed) ... ok
test_terminal_phases_refuse_reentry (test_fuzz_contracts.FuzzContractTests.test_terminal_phases_refuse_reentry) ... ok
test_optional_receipt_fields_change_certificate_id (test_fuzz_contracts.GoldenReceiptTests.test_optional_receipt_fields_change_certificate_id) ... ok
test_atomic_write_json (test_hash_status.TestHashAtomic.test_atomic_write_json) ... ok
test_excluded_symlink_allowed (test_hash_status.TestHashAtomic.test_excluded_symlink_allowed) ... ok
test_source_hash_deterministic_and_respects_excludes (test_hash_status.TestHashAtomic.test_source_hash_deterministic_and_respects_excludes) ... ok
test_strict_bool_and_sha_hex (test_hash_status.TestHashAtomic.test_strict_bool_and_sha_hex) ... ok
test_unexcluded_symlink_refused (test_hash_status.TestHashAtomic.test_unexcluded_symlink_refused) ... ok
test_active_lease_blocks_preflight (test_hash_status.TestStatusCli.test_active_lease_blocks_preflight) ... ok
test_approval_interrupt_is_clean (test_hash_status.TestStatusCli.test_approval_interrupt_is_clean) ... RunSpecimen: approve interrupted; inspect status before continuing
ok
test_doctor_and_validate_commands (test_hash_status.TestStatusCli.test_doctor_and_validate_commands) ... ok
test_load_example_contract_shape (test_hash_status.TestStatusCli.test_load_example_contract_shape) ... ok
test_status_and_cli_verify (test_hash_status.TestStatusCli.test_status_and_cli_verify) ... ok
test_accept_returns_connected_socket (test_holder_daemon_accept.HolderDaemonAcceptTimeoutTests.test_accept_returns_connected_socket) ... ok
test_accept_returns_none_on_deadline (test_holder_daemon_accept.HolderDaemonAcceptTimeoutTests.test_accept_returns_none_on_deadline) ... ok
test_non_timeout_accept_error_propagates (test_holder_daemon_accept.HolderDaemonAcceptTimeoutTests.test_non_timeout_accept_error_propagates) ... ok
test_python39_accept_raises_socket_timeout_not_timeout_error (test_holder_daemon_accept.HolderDaemonAcceptTimeoutTests.test_python39_accept_raises_socket_timeout_not_timeout_error)
Document 3.9 semantics: timed-out accept raises socket.timeout. ... ok
test_repeated_timeout_then_successful_connection (test_holder_daemon_accept.HolderDaemonAcceptTimeoutTests.test_repeated_timeout_then_successful_connection) ... ok
test_declared_dependency_is_snapshotted_and_sibling_is_not (test_holder_protocol.BindingTests.test_declared_dependency_is_snapshotted_and_sibling_is_not) ... ok
test_exec_reads_snapshot_after_the_original_is_replaced (test_holder_protocol.BindingTests.test_exec_reads_snapshot_after_the_original_is_replaced) ... ok
test_live_cwd_and_unbound_interpreter_fail_closed (test_holder_protocol.BindingTests.test_live_cwd_and_unbound_interpreter_fail_closed) ... ok
test_matching_precreated_file_is_what_the_fd_reads (test_holder_protocol.BindingTests.test_matching_precreated_file_is_what_the_fd_reads) ... ok
test_missing_or_invalid_fingerprint_fails_closed (test_holder_protocol.BindingTests.test_missing_or_invalid_fingerprint_fails_closed) ... ok
test_precreated_symlink_and_directory_are_rejected (test_holder_protocol.BindingTests.test_precreated_symlink_and_directory_are_rejected) ... ok
test_precreated_wrong_bytes_are_rejected_via_the_opened_fd (test_holder_protocol.BindingTests.test_precreated_wrong_bytes_are_rejected_via_the_opened_fd) ... ok
test_returned_command_runs_and_shebang_names_the_snapshot_interpreter (test_holder_protocol.BindingTests.test_returned_command_runs_and_shebang_names_the_snapshot_interpreter) ... ok
test_short_writes_still_match_and_cleanup_failure_is_reported (test_holder_protocol.BindingTests.test_short_writes_still_match_and_cleanup_failure_is_reported) ... ok
test_snapshot_is_a_distinct_inode (test_holder_protocol.BindingTests.test_snapshot_is_a_distinct_inode) ... ok
test_symlink_input_is_rejected_at_bind (test_holder_protocol.BindingTests.test_symlink_input_is_rejected_at_bind) ... ok
test_disk_records_reject_list_phase_bool_and_negative_identity (test_holder_protocol.DurableFileTests.test_disk_records_reject_list_phase_bool_and_negative_identity) ... ok
test_durable_cleanup_failure_is_reported (test_holder_protocol.DurableFileTests.test_durable_cleanup_failure_is_reported) ... ok
test_fsynced_record_and_partial_files_do_not_launch (test_holder_protocol.DurableFileTests.test_fsynced_record_and_partial_files_do_not_launch) ... ok
test_run_py_does_not_call_the_holder_protocol (test_holder_protocol.ForeignProcessTests.test_run_py_does_not_call_the_holder_protocol) ... ok
test_waitpid_on_an_orphan_is_not_an_exit_status (test_holder_protocol.ForeignProcessTests.test_waitpid_on_an_orphan_is_not_an_exit_status) ... ok
test_eof_before_commit_does_not_exec (test_holder_protocol.HandshakeTests.test_eof_before_commit_does_not_exec) ... ok
test_every_crash_boundary_launches_once (test_holder_protocol.HandshakeTests.test_every_crash_boundary_launches_once) ... ok
test_go_without_durable_ack_does_not_leave_a_payload (test_holder_protocol.HandshakeTests.test_go_without_durable_ack_does_not_leave_a_payload) ... ok
test_malformed_phase_and_identity_do_not_spawn (test_holder_protocol.HandshakeTests.test_malformed_phase_and_identity_do_not_spawn) ... ok
test_parent_death_before_spawn_spends_the_nonce (test_holder_protocol.HandshakeTests.test_parent_death_before_spawn_spends_the_nonce) ... ok
test_pid_reuse_is_not_killed_or_relaunched (test_holder_protocol.HandshakeTests.test_pid_reuse_is_not_killed_or_relaunched) ... ok
test_simulator_does_not_persist_and_partial_state_does_not_spawn (test_holder_protocol.HandshakeTests.test_simulator_does_not_persist_and_partial_state_does_not_spawn) ... ok
test_surviving_descendant_blocks_a_second_nonce (test_holder_protocol.HandshakeTests.test_surviving_descendant_blocks_a_second_nonce) ... ok
test_group_writable_component_is_refused (test_holder_runtime_trust.RuntimeTrustChainTests.test_group_writable_component_is_refused) ... ok
test_symlink_mode_and_injection_fail_closed_together (test_holder_runtime_trust.RuntimeTrustChainTests.test_symlink_mode_and_injection_fail_closed_together) ... ok
test_missing_socket_fails_closed_without_the_live_path (test_holder_socket_isolation.HolderSocketIsolationTests.test_missing_socket_fails_closed_without_the_live_path) ... ok
test_named_policy_hardware_true_fails_closed (test_holder_socket_isolation.HolderSocketIsolationTests.test_named_policy_hardware_true_fails_closed)
CLI helper claims hardware:True. A software adapter is not a biometric. ... ok
test_production_path_stays_live_while_tests_inject_a_temp_socket (test_holder_socket_isolation.HolderSocketIsolationTests.test_production_path_stays_live_while_tests_inject_a_temp_socket) ... ok
test_socket_present_without_caller_env_fails_closed (test_holder_socket_isolation.HolderSocketIsolationTests.test_socket_present_without_caller_env_fails_closed) ... ok
test_unenrolled_caller_fails_closed_on_a_temp_adapter (test_holder_socket_isolation.HolderSocketIsolationTests.test_unenrolled_caller_fails_closed_on_a_temp_adapter) ... ok
test_confinement_refuses_a_plan_whose_file_changed (test_isolation_identity.IsolationToolIdentityTests.test_confinement_refuses_a_plan_whose_file_changed) ... ok
test_replaced_tool_is_refused_and_does_not_report_enforced (test_isolation_identity.IsolationToolIdentityTests.test_replaced_tool_is_refused_and_does_not_report_enforced) ... ok
test_validate_does_not_execute_a_path_tool (test_isolation_identity.IsolationToolIdentityTests.test_validate_does_not_execute_a_path_tool) ... ok
test_changed_identity_is_not_kept_as_authorization (test_launch_faults.LaunchFaultTests.test_changed_identity_is_not_kept_as_authorization) ... ok
test_corrupt_spent_history_is_not_a_fresh_launch (test_launch_faults.LaunchFaultTests.test_corrupt_spent_history_is_not_a_fresh_launch) ... ok
test_deleted_spent_file_beside_durable_state_is_lost (test_launch_faults.LaunchFaultTests.test_deleted_spent_file_beside_durable_state_is_lost) ... ok
test_descendant_blocks_a_second_nonce_until_it_is_gone (test_launch_faults.LaunchFaultTests.test_descendant_blocks_a_second_nonce_until_it_is_gone) ... ok
test_each_persistence_and_handshake_boundary (test_launch_faults.LaunchFaultTests.test_each_persistence_and_handshake_boundary) ... ok
test_harness_is_not_the_simulator_or_the_run_path (test_launch_faults.LaunchFaultTests.test_harness_is_not_the_simulator_or_the_run_path) ... ok
test_identity_without_spent_history_is_lost (test_launch_faults.LaunchFaultTests.test_identity_without_spent_history_is_lost) ... ok
test_killing_the_wrapper_drops_the_lease_without_success (test_launch_faults.LaunchFaultTests.test_killing_the_wrapper_drops_the_lease_without_success) ... ok
test_linux_stat_token_uses_the_starttime_field (test_launch_faults.LaunchFaultTests.test_linux_stat_token_uses_the_starttime_field) ... ok
test_missing_spent_after_a_finished_run_is_lost (test_launch_faults.LaunchFaultTests.test_missing_spent_after_a_finished_run_is_lost) ... ok
test_missing_spent_file_is_new_state (test_launch_faults.LaunchFaultTests.test_missing_spent_file_is_new_state) ... ok
test_pid_reuse_comparison_is_not_adoption (test_launch_faults.LaunchFaultTests.test_pid_reuse_comparison_is_not_adoption) ... ok
test_pre_armed_child_holds_the_lease_until_termination_is_proven (test_launch_faults.LaunchFaultTests.test_pre_armed_child_holds_the_lease_until_termination_is_proven) ... ok
test_proven_absence_drops_the_lease_without_a_signal (test_launch_faults.LaunchFaultTests.test_proven_absence_drops_the_lease_without_a_signal) ... ok
test_reap_does_not_signal_a_conflicting_or_failed_identity (test_launch_faults.LaunchFaultTests.test_reap_does_not_signal_a_conflicting_or_failed_identity) ... ok
test_reap_does_not_signal_an_unverified_pid (test_launch_faults.LaunchFaultTests.test_reap_does_not_signal_an_unverified_pid) ... ok
test_reap_signals_only_after_the_recorded_token_matches (test_launch_faults.LaunchFaultTests.test_reap_signals_only_after_the_recorded_token_matches) ... ok
test_this_process_identity_is_not_an_lstart_string (test_launch_faults.LaunchFaultTests.test_this_process_identity_is_not_an_lstart_string) ... ok
test_uncertain_intent_without_identity_holds_the_lease (test_launch_faults.LaunchFaultTests.test_uncertain_intent_without_identity_holds_the_lease) ... ok
test_concurrent_lease_refusal (test_lease.TestLease.test_concurrent_lease_refusal) ... {
  "error": "requirements check refused: contract has no task_manifest binding. Bind task_manifest {id,path,sha256} in the contract before human APPROVE, then use the ordinary approve \u2192 preflight \u2192 run path. Agents must not type APPROVE.",
  "hint": "Bind task_manifest on the contract, then run the ordinary approve \u2192 preflight \u2192 run lifecycle on a real TTY. Agents must not type APPROVE. Unapproved check commands never execute.",
  "ok": false,
  "refused": true
}
{
  "active_bundle": null,
  "active_lease": null,
  "adapters": {
    "cli": true,
    "dashboard": "read_only_loopback",
    "mcp": "no_approve",
    "note": "Host adapters route supported consequential ops through RunSpecimen CLI. Direct editor edits, raw shell subprocesses, and remote actions outside declared backends are not claimed as controlled."
  },
  "config_locations": {
    "active_bundle": "/private/var/folders/nb/gwgrnsjx7d5ftv5rz0nz1vkh0000gn/T/runspecimen-bbmy6jmj/.runspecimen/config/active_bundle.json",
    "env_prefix": "RUNSPECIMEN_*",
    "precedence": [
      "explicit CLI flags",
      "active config bundle (workspace)",
      "environment RUNSPECIMEN_*",
      "engine defaults"
    ],
    "workspace_state": "/private/var/folders/nb/gwgrnsjx7d5ftv5rz0nz1vkh0000gn/T/runspecimen-bbmy6jmj/.runspecimen"
  },
  "contract_path": null,
  "docs": {
    "about": "https://github.com/darashkevich/runspecimen/blob/main/docs/ABOUT.md",
    "faq": "https://github.com/darashkevich/runspecimen/blob/main/docs/FAQ.md",
    "user_guide": "https://github.com/darashkevich/runspecimen/blob/main/docs/USER_GUIDE.md"
  },
  "engine_version": "0.2.0rc15",
  "env_overrides": {},
  "hooks": {
    "checks": "presence_only",
    "expected_plugin_hooks": [
      "plugins/runspecimen/hooks/hooks.json",
      "plugins/runspecimen/hooks/claude-hooks.json"
    ],
    "functional_smoke": "Run plugin tests (tests/test_plugins.py) for approve-gate refusal. Doctor does not execute hooks."
  },
  "isolation": {
    "backends": {
      "bwrap": {
        "available": false,
        "platform": "linux"
      },
      "none": {
        "available": true,
        "enforced": false
      },
      "sandbox-exec": {
        "available": true,
        "platform": "darwin"
      }
    },
    "claim": "Default execution is not confined. Opt in with contract.isolation. Resource limits are not an OS sandbox.",
    "default_backend": "none"
  },
  "ok": true,
  "platform": "macOS-27.0.1-arm64-arm-64bit",
  "python": "3.12.14",
  "supported_ops": [
    "approve(TTY)",
    "preflight",
    "run",
    "postflight",
    "verify",
    "requirements",
    "freshness",
    "snapshot",
    "usage",
    "coordination",
    "eval"
  ],
  "sync": {
    "note": "Use config preview/apply explicitly; doctor never mutates config.",
    "silent_sync_during_doctor": false
  },
  "uncovered_ops": [
    "direct_editor_file_writes",
    "unmediated_shell_subprocesses",
    "remote_side_effects_outside_contract",
    "agent_approval"
  ],
  "workspace": "/private/var/folders/nb/gwgrnsjx7d5ftv5rz0nz1vkh0000gn/T/runspecimen-bbmy6jmj",
  "workspace_lease_held": false,
  "workspace_writable": true
}
{
  "manifest_hash": "eea2ec993c8ea4ced253ce5376c3af54e3c483f21b7eb1b875a3dd4e4d6e1196",
  "manifest_id": "m-cli",
  "ok": true,
  "providers_needed": [
    "command_status"
  ],
  "requirements": [
    "r1"
  ]
}
ok
test_cross_process_different_run_ids_share_workspace_lease (test_lease.TestLease.test_cross_process_different_run_ids_share_workspace_lease)
Holding the lease for any reason blocks lifecycle on a different run_id. ... ok
test_hold_workspace_lease_context (test_lease.TestLease.test_hold_workspace_lease_context) ... ok
test_same_user_unlink_replaces_the_held_lease (test_lease.TestLease.test_same_user_unlink_replaces_the_held_lease)
A workspace lease is not guarantee (2). flock follows the inode, not the path. ... ok
test_status_metadata_only_describes_active_holder (test_lease.TestLease.test_status_metadata_only_describes_active_holder) ... ok
test_env_logname_user_do_not_change_recorded_name (test_local_approver.LocalApproverIdentityTests.test_env_logname_user_do_not_change_recorded_name) ... ok
test_clean_mach_o_object_passes_and_is_cached (test_nm_symbol_gate.NmSymbolGateNegativeTests.test_clean_mach_o_object_passes_and_is_cached) ... ok
test_forbidden_symbol_is_fatal (test_nm_symbol_gate.NmSymbolGateNegativeTests.test_forbidden_symbol_is_fatal) ... ok
test_missing_object_is_fatal (test_nm_symbol_gate.NmSymbolGateNegativeTests.test_missing_object_is_fatal) ... ok
test_non_mach_o_is_fatal (test_nm_symbol_gate.NmSymbolGateNegativeTests.test_non_mach_o_is_fatal) ... ok
test_unreadable_object_is_fatal (test_nm_symbol_gate.NmSymbolGateNegativeTests.test_unreadable_object_is_fatal) ... ok
test_p1_authorized_check_runs_after_approve_helper (test_p1_evidence_blockers.P1EvidenceBlockersTests.test_p1_authorized_check_runs_after_approve_helper) ... ok
test_p1_freshness_tracks_inputs_and_manifest_automatically (test_p1_evidence_blockers.P1EvidenceBlockersTests.test_p1_freshness_tracks_inputs_and_manifest_automatically) ... ok
test_p1_pytest_nonzero_returncode_not_passed (test_p1_evidence_blockers.P1EvidenceBlockersTests.test_p1_pytest_nonzero_returncode_not_passed) ... skipped 'pytest not installed; returncode branch covered synthetically'
test_p1_required_evidence_and_expected_block_passed (test_p1_evidence_blockers.P1EvidenceBlockersTests.test_p1_required_evidence_and_expected_block_passed) ... ok
test_p1_requirements_check_refuses_unapproved_command_write (test_p1_evidence_blockers.P1EvidenceBlockersTests.test_p1_requirements_check_refuses_unapproved_command_write)
Ordinary contract + command_status must not write without APPROVE. ... ok
test_p1_unauthenticated_rewritten_report_not_ci_ok (test_p1_evidence_blockers.P1EvidenceBlockersTests.test_p1_unauthenticated_rewritten_report_not_ci_ok) ... ok
test_p1_unittest_expected_failure_not_passed (test_p1_evidence_blockers.P1EvidenceBlockersTests.test_p1_unittest_expected_failure_not_passed) ... ok
test_p1_unittest_subprocess_does_not_certify_cached_code (test_p1_evidence_blockers.P1EvidenceBlockersTests.test_p1_unittest_subprocess_does_not_certify_cached_code) ... ok
test_nested_secret_names_are_removed_and_paths_are_reported (test_p2_p3_qa_fixes.ConfigSecretStripTests.test_nested_secret_names_are_removed_and_paths_are_reported) ... ok
test_p2_apply_and_export_strip_secret_like_keys (test_p2_p3_qa_fixes.ConfigSecretStripTests.test_p2_apply_and_export_strip_secret_like_keys) ... ok
test_p2_declared_artifact_missing_digest_blocks_readiness (test_p2_p3_qa_fixes.CoordinationArtifactTests.test_p2_declared_artifact_missing_digest_blocks_readiness) ... ok
test_p3_compare_nonzero_on_drift_zero_on_match (test_p2_p3_qa_fixes.EvalCompareExitTests.test_p3_compare_nonzero_on_drift_zero_on_match) ... ok
test_p3_fingerprint_resolves_unresolved_workspace (test_p2_p3_qa_fixes.FingerprintResolveTests.test_p3_fingerprint_resolves_unresolved_workspace) ... ok
test_p2_evaluate_freshness_raw_missing_authenticity_not_applicable (test_p2_p3_qa_fixes.FreshnessAuthenticityTests.test_p2_evaluate_freshness_raw_missing_authenticity_not_applicable) ... ok
test_p2_required_verification_refuses_verify_without_evidence (test_p2_p3_qa_fixes.RequiredVerificationTests.test_p2_required_verification_refuses_verify_without_evidence) ... ok
test_p2_unsupported_verification_step_fails_validation (test_p2_p3_qa_fixes.RequiredVerificationTests.test_p2_unsupported_verification_step_fails_validation) ... ok
test_p3_restore_to_parent_refused_no_sibling_work (test_p2_p3_qa_fixes.SnapshotRestoreDestTests.test_p3_restore_to_parent_refused_no_sibling_work) ... ok
test_homebrew_formula_pins_published_sdist (test_phases.DistributionArtifactTests.test_homebrew_formula_pins_published_sdist) ... ok
test_isolation_cli (test_phases.DistributionArtifactTests.test_isolation_cli) ... ok
test_security_template_policy_hash_matches_file (test_phases.DistributionArtifactTests.test_security_template_policy_hash_matches_file) ... ok
test_templates_parse (test_phases.DistributionArtifactTests.test_templates_parse) ... ok
test_second_worker_is_refused (test_phases.FirstRunLeaseTests.test_second_worker_is_refused) ... ok
test_absent_isolation_is_unconfined (test_phases.IsolationContractTests.test_absent_isolation_is_unconfined) ... ok
test_bwrap_wraps_argv_without_executing (test_phases.IsolationContractTests.test_bwrap_wraps_argv_without_executing) ... ok
test_default_run_records_unconfined_isolation (test_phases.IsolationContractTests.test_default_run_records_unconfined_isolation) ... ok
test_missing_declared_backend_fails_closed (test_phases.IsolationContractTests.test_missing_declared_backend_fails_closed) ... ok
test_network_with_none_is_rejected (test_phases.IsolationContractTests.test_network_with_none_is_rejected) ... ok
test_policy_ceiling_and_receipt (test_phases.PolicyAndRetainTests.test_policy_ceiling_and_receipt) ... ok
test_retain_refuses_workspace_and_copies_outside (test_phases.PolicyAndRetainTests.test_retain_refuses_workspace_and_copies_outside) ... ok
test_write_outside_workspace_fails (test_phases.SeatbeltIntegrationTests.test_write_outside_workspace_fails) ... ok
test_adapter_rejects_approve (test_plugins.AdapterAllowListTests.test_adapter_rejects_approve) ... ok
test_allows_discuss_approve_lowercase (test_plugins.ApproveGateTests.test_allows_discuss_approve_lowercase) ... ok
test_allows_validate (test_plugins.ApproveGateTests.test_allows_validate) ... ok
test_antigravity_allows_validate (test_plugins.ApproveGateTests.test_antigravity_allows_validate) ... ok
test_antigravity_toolcall_deny (test_plugins.ApproveGateTests.test_antigravity_toolcall_deny) ... ok
test_auto_detects_antigravity_toolcall (test_plugins.ApproveGateTests.test_auto_detects_antigravity_toolcall) ... ok
test_auto_detects_gemini_beforetool (test_plugins.ApproveGateTests.test_auto_detects_gemini_beforetool) ... ok
test_denies_echo_approve (test_plugins.ApproveGateTests.test_denies_echo_approve) ... ok
test_denies_ide_actions_approve_shell (test_plugins.ApproveGateTests.test_denies_ide_actions_approve_shell) ... ok
test_denies_mcp_tool_name_approve (test_plugins.ApproveGateTests.test_denies_mcp_tool_name_approve) ... ok
test_denies_remote_confirm_refuse_http (test_plugins.ApproveGateTests.test_denies_remote_confirm_refuse_http) ... ok
test_denies_remote_confirm_settle (test_plugins.ApproveGateTests.test_denies_remote_confirm_settle) ... ok
test_denies_runspecimen_approve (test_plugins.ApproveGateTests.test_denies_runspecimen_approve) ... ok
test_gemini_format_deny (test_plugins.ApproveGateTests.test_gemini_format_deny) ... ok
test_rejects_approve_action_name (test_plugins.JetBrainsIdeActionTests.test_rejects_approve_action_name) ... ok
test_request_approval_prints_handoff_only (test_plugins.JetBrainsIdeActionTests.test_request_approval_prints_handoff_only) ... ok
test_tools_call_rejects_approve_name (test_plugins.McpAdapterTests.test_tools_call_rejects_approve_name) ... ok
test_tools_list_excludes_approve (test_plugins.McpAdapterTests.test_tools_list_excludes_approve) ... ok
test_adapter_and_mcp_allowed_sets_match_lifecycle_only (test_plugins.PluginApproveBoundaryExtras.test_adapter_and_mcp_allowed_sets_match_lifecycle_only) ... ok
test_adapter_rejects_shell_execute_settle_names (test_plugins.PluginApproveBoundaryExtras.test_adapter_rejects_shell_execute_settle_names) ... ok
test_approve_safety_docs_cover_cloud_lease_and_yolo (test_plugins.PluginApproveBoundaryExtras.test_approve_safety_docs_cover_cloud_lease_and_yolo) ... ok
test_gate_claude_format_forced (test_plugins.PluginApproveBoundaryExtras.test_gate_claude_format_forced) ... ok
test_gate_denies_claude_mcp_tool_name_and_nested_arguments (test_plugins.PluginApproveBoundaryExtras.test_gate_denies_claude_mcp_tool_name_and_nested_arguments) ... ok
test_gate_denies_companion_v1_approve_path (test_plugins.PluginApproveBoundaryExtras.test_gate_denies_companion_v1_approve_path) ... ok
test_gate_denies_printf_and_python_m_approve (test_plugins.PluginApproveBoundaryExtras.test_gate_denies_printf_and_python_m_approve) ... ok
test_hooks_wire_claude_and_gemini_gates (test_plugins.PluginApproveBoundaryExtras.test_hooks_wire_claude_and_gemini_gates) ... ok
test_mcp_instructions_require_tty_approve (test_plugins.PluginApproveBoundaryExtras.test_mcp_instructions_require_tty_approve) ... ok
test_mcp_tools_list_equals_lifecycle_and_rejects_shell_execute_settle (test_plugins.PluginApproveBoundaryExtras.test_mcp_tools_list_equals_lifecycle_and_rejects_shell_execute_settle) ... ok
test_plugin_scripts_have_no_network_phone_home (test_plugins.PluginApproveBoundaryExtras.test_plugin_scripts_have_no_network_phone_home) ... ok
test_skills_rules_commands_forbid_typing_approve (test_plugins.PluginApproveBoundaryExtras.test_skills_rules_commands_forbid_typing_approve) ... ok
test_antigravity_and_muse_files_present (test_plugins.PluginManifestTests.test_antigravity_and_muse_files_present) ... ok
test_claude_hooks_and_mcp_present (test_plugins.PluginManifestTests.test_claude_hooks_and_mcp_present) ... ok
test_gemini_windsurf_jetbrains_files_present (test_plugins.PluginManifestTests.test_gemini_windsurf_jetbrains_files_present) ... ok
test_host_manifests_share_version_and_name (test_plugins.PluginManifestTests.test_host_manifests_share_version_and_name) ... ok
test_marketplaces_point_at_plugin (test_plugins.PluginManifestTests.test_marketplaces_point_at_plugin) ... ok
test_json_equals_and_sha (test_predecessor_postflight.TestPostflight.test_json_equals_and_sha) ... ok
test_source_unchanged_assertion (test_predecessor_postflight.TestPostflight.test_source_unchanged_assertion) ... ok
test_predecessor_failed_blocks (test_predecessor_postflight.TestPredecessor.test_predecessor_failed_blocks) ... ok
test_predecessor_postflighted_allows (test_predecessor_postflight.TestPredecessor.test_predecessor_postflighted_allows) ... ok
test_predecessor_unpostflighted_blocks (test_predecessor_postflight.TestPredecessor.test_predecessor_unpostflighted_blocks) ... ok
test_abandon_marks_run_as_abandoned (test_recovery.TestAbandonRun.test_abandon_marks_run_as_abandoned) ... ok
test_abandon_records_event (test_recovery.TestAbandonRun.test_abandon_records_event) ... ok
test_abandon_refuses_non_recoverable_state (test_recovery.TestAbandonRun.test_abandon_refuses_non_recoverable_state) ... ok
test_abandon_requires_tty_by_default (test_recovery.TestAbandonRun.test_abandon_requires_tty_by_default) ... ok
test_abandon_wrong_phrase_aborts (test_recovery.TestAbandonRun.test_abandon_wrong_phrase_aborts) ... ok
test_abandoned_predecessor_rejected_with_refuse_if_failed (test_recovery.TestAbandonedRunIsPermanentlyTerminal.test_abandoned_predecessor_rejected_with_refuse_if_failed)
Predecessor with refuse_if_failed=true must reject abandoned predecessor. ... ok
test_abandoned_run_cannot_be_executed (test_recovery.TestAbandonedRunIsPermanentlyTerminal.test_abandoned_run_cannot_be_executed)
Abandoned runs must refuse execution. ... ok
test_abandoned_run_cannot_be_preflighted (test_recovery.TestAbandonedRunIsPermanentlyTerminal.test_abandoned_run_cannot_be_preflighted)
Abandoned runs must refuse preflight. ... ok
test_abandoned_run_cannot_be_reapproved (test_recovery.TestAbandonedRunIsPermanentlyTerminal.test_abandoned_run_cannot_be_reapproved)
Abandoned runs must refuse re-approval. ... ok
test_check_recovery_status_returns_details (test_recovery.TestCheckRecoveryStatus.test_check_recovery_status_returns_details) ... ok
test_abandoned_phase_not_recoverable (test_recovery.TestRecoveryPhaseStatus.test_abandoned_phase_not_recoverable) ... ok
test_approved_phase_not_recoverable (test_recovery.TestRecoveryPhaseStatus.test_approved_phase_not_recoverable) ... ok
test_completed_phase_not_recoverable (test_recovery.TestRecoveryPhaseStatus.test_completed_phase_not_recoverable) ... ok
test_failed_phase_not_recoverable (test_recovery.TestRecoveryPhaseStatus.test_failed_phase_not_recoverable) ... ok
test_none_phase_not_recoverable (test_recovery.TestRecoveryPhaseStatus.test_none_phase_not_recoverable) ... ok
test_postflighted_phase_not_recoverable (test_recovery.TestRecoveryPhaseStatus.test_postflighted_phase_not_recoverable) ... ok
test_running_phase_could_need_recovery (test_recovery.TestRecoveryPhaseStatus.test_running_phase_could_need_recovery) ... ok
test_abandon_event_state_consistency (test_recovery.TestRecoveryWithLease.test_abandon_event_state_consistency)
After abandon, event log and state must be consistent. ... ok
test_check_recovery_status_includes_lease_info (test_recovery.TestRecoveryWithLease.test_check_recovery_status_includes_lease_info)
check_recovery_status should include lease information. ... ok
test_concurrent_abandon_refused_when_lease_held (test_recovery.TestRecoveryWithLease.test_concurrent_abandon_refused_when_lease_held)
Abandon must fail if workspace lease is held by another process. ... ok
test_running_with_active_lease_not_recoverable (test_recovery.TestRecoveryWithLease.test_running_with_active_lease_not_recoverable)
A running state with an active lease is still executing. ... ok
test_running_without_lease_is_recoverable (test_recovery.TestRecoveryWithLease.test_running_without_lease_is_recoverable)
A running state with no active lease needs recovery. ... ok
test_stale_running_no_lease_needs_recovery (test_recovery.TestRecoveryWithLease.test_stale_running_no_lease_needs_recovery)
A running state with no lease indicates a crash needing recovery. ... ok
test_each_slice_and_a_changed_artifact_hash_fail_closed (test_rejected_runtime_symbols.RejectedRuntimeSymbolTests.test_each_slice_and_a_changed_artifact_hash_fail_closed) ... ok
test_module_table_name_is_not_the_rejected_symbol (test_rejected_runtime_symbols.RejectedRuntimeSymbolTests.test_module_table_name_is_not_the_rejected_symbol) ... ok
test_rejected_lzma_and_private_framework_symbols_fail (test_rejected_runtime_symbols.RejectedRuntimeSymbolTests.test_rejected_lzma_and_private_framework_symbols_fail) ... ok
test_wheel_and_sdist_digests_repeat (test_release_archive_reproducibility.ReleaseArchiveReproducibilityTests.test_wheel_and_sdist_digests_repeat) ... {
  "error": "requirements check refused: contract has no task_manifest binding. Bind task_manifest {id,path,sha256} in the contract before human APPROVE, then use the ordinary approve \u2192 preflight \u2192 run path. Agents must not type APPROVE.",
  "hint": "Bind task_manifest on the contract, then run the ordinary approve \u2192 preflight \u2192 run lifecycle on a real TTY. Agents must not type APPROVE. Unapproved check commands never execute.",
  "ok": false,
  "refused": true
}
{
  "baseline_digest": "eeef8d3c6bfc09d611a936d7998e02f672753cbf31e344455374b69fe1b9b40a",
  "candidate_digest": "eeef8d3c6bfc09d611a936d7998e02f672753cbf31e344455374b69fe1b9b40a",
  "deltas": [],
  "note": "Compare uses recorded fixture/config versions. Model-judgment tasks remain non-conclusive.",
  "suite_digest_mismatch": false,
  "suite_id": "suite-a"
}
{
  "baseline_digest": "eeef8d3c6bfc09d611a936d7998e02f672753cbf31e344455374b69fe1b9b40a",
  "candidate_digest": "5d994aa5c912bffca4d76f4a44403c2704f20ea9e8e1ee61c7b13fc3d02402f9",
  "deltas": [
    {
      "baseline": "rrrrrrrrrrrrrrrrrrrrrrrrrrrrrrrrrrrrrrrrrrrrrrrrrrrrrrrrrrrrrrrr",
      "candidate": "zzzzzzzzzzzzzzzzzzzzzzzzzzzzzzzzzzzzzzzzzzzzzzzzzzzzzzzzzzzzzzzz",
      "change": "rules_hash",
      "task_id": "t1"
    }
  ],
  "note": "Compare uses recorded fixture/config versions. Model-judgment tasks remain non-conclusive.",
  "suite_digest_mismatch": true,
  "suite_id": "suite-a"
}
+ /private/tmp/rs-py312-rel-holder/bin/python -m compileall -q src scripts
+ /private/tmp/rs-py312-rel-holder/bin/python -c from setuptools.build_meta import build_sdist; build_sdist('/var/folders/nb/gwgrnsjx7d5ftv5rz0nz1vkh0000gn/T/runspecimen-archive-qthtcrjd/artifacts')
/private/tmp/rs-py312-rel-holder/lib/python3.12/site-packages/setuptools/config/_apply_pyprojecttoml.py:82: SetuptoolsDeprecationWarning: `project.license` as a TOML table is deprecated
!!

        ********************************************************************************
        Please use a simple string containing a SPDX expression for `project.license`. You can also use `project.license-files`. (Both options available on setuptools>=77.0.0).

        By 2027-Feb-18, you need to update your project and remove deprecated calls
        or your builds will no longer be supported.

        See https://packaging.python.org/en/latest/guides/writing-pyproject-toml/#license for details.
        ********************************************************************************

!!
  corresp(dist, value, root_dir)
running sdist
running egg_info
creating src/runspecimen.egg-info
writing src/runspecimen.egg-info/PKG-INFO
writing dependency_links to src/runspecimen.egg-info/dependency_links.txt
writing entry points to src/runspecimen.egg-info/entry_points.txt
writing requirements to src/runspecimen.egg-info/requires.txt
writing top-level names to src/runspecimen.egg-info/top_level.txt
writing manifest file 'src/runspecimen.egg-info/SOURCES.txt'
reading manifest file 'src/runspecimen.egg-info/SOURCES.txt'
reading manifest template 'MANIFEST.in'
no previously-included directories found matching 'examples/showcase/.runspecimen'
warning: no previously-included files matching '__pycache__' found anywhere in distribution
warning: no previously-included files matching '*.py[cod]' found anywhere in distribution
warning: no previously-included files matching '.DS_Store' found anywhere in distribution
adding license file 'LICENSE'
writing manifest file 'src/runspecimen.egg-info/SOURCES.txt'
running check
creating runspecimen-0.2.0rc15
creating runspecimen-0.2.0rc15/.agents/plugins
creating runspecimen-0.2.0rc15/.claude-plugin
creating runspecimen-0.2.0rc15/.cursor-plugin
creating runspecimen-0.2.0rc15/.cursor/rules
creating runspecimen-0.2.0rc15/.junie-extension
creating runspecimen-0.2.0rc15/docs
creating runspecimen-0.2.0rc15/examples
creating runspecimen-0.2.0rc15/examples/campaigns/adversarial-first-run
creating runspecimen-0.2.0rc15/examples/campaigns/adversarial-first-run/work
creating runspecimen-0.2.0rc15/examples/showcase
creating runspecimen-0.2.0rc15/examples/showcase/work
creating runspecimen-0.2.0rc15/examples/templates
creating runspecimen-0.2.0rc15/examples/templates/ml-eval
creating runspecimen-0.2.0rc15/examples/templates/research
creating runspecimen-0.2.0rc15/examples/templates/security
creating runspecimen-0.2.0rc15/examples/templates/shared-policy
creating runspecimen-0.2.0rc15/examples/templates/task-manifest
creating runspecimen-0.2.0rc15/packaging/homebrew
creating runspecimen-0.2.0rc15/plugins/runspecimen
creating runspecimen-0.2.0rc15/plugins/runspecimen/.claude-plugin
creating runspecimen-0.2.0rc15/plugins/runspecimen/.codex-plugin
creating runspecimen-0.2.0rc15/plugins/runspecimen/.cursor-plugin
creating runspecimen-0.2.0rc15/plugins/runspecimen/antigravity
creating runspecimen-0.2.0rc15/plugins/runspecimen/antigravity/rules
creating runspecimen-0.2.0rc15/plugins/runspecimen/antigravity/scripts
creating runspecimen-0.2.0rc15/plugins/runspecimen/antigravity/skills/runspecimen
creating runspecimen-0.2.0rc15/plugins/runspecimen/assets
creating runspecimen-0.2.0rc15/plugins/runspecimen/commands
creating runspecimen-0.2.0rc15/plugins/runspecimen/gemini
creating runspecimen-0.2.0rc15/plugins/runspecimen/grok
creating runspecimen-0.2.0rc15/plugins/runspecimen/guidelines
creating runspecimen-0.2.0rc15/plugins/runspecimen/hooks
creating runspecimen-0.2.0rc15/plugins/runspecimen/jetbrains
creating runspecimen-0.2.0rc15/plugins/runspecimen/jetbrains/guidelines
creating runspecimen-0.2.0rc15/plugins/runspecimen/jetbrains/intellij-plugin
creating runspecimen-0.2.0rc15/plugins/runspecimen/jetbrains/intellij-plugin/src/main/kotlin/com/runspecimen/intellij
creating runspecimen-0.2.0rc15/plugins/runspecimen/jetbrains/intellij-plugin/src/main/resources/META-INF
creating runspecimen-0.2.0rc15/plugins/runspecimen/jetbrains/scripts
creating runspecimen-0.2.0rc15/plugins/runspecimen/mcp
creating runspecimen-0.2.0rc15/plugins/runspecimen/muse
creating runspecimen-0.2.0rc15/plugins/runspecimen/muse/examples
creating runspecimen-0.2.0rc15/plugins/runspecimen/muse/skills/runspecimen
creating runspecimen-0.2.0rc15/plugins/runspecimen/rules
creating runspecimen-0.2.0rc15/plugins/runspecimen/scripts
creating runspecimen-0.2.0rc15/plugins/runspecimen/skills/runspecimen
creating runspecimen-0.2.0rc15/plugins/runspecimen/windsurf
creating runspecimen-0.2.0rc15/plugins/runspecimen/windsurf/rules
creating runspecimen-0.2.0rc15/plugins/runspecimen/windsurf/skills/runspecimen
creating runspecimen-0.2.0rc15/scripts
creating runspecimen-0.2.0rc15/src/runspecimen
creating runspecimen-0.2.0rc15/src/runspecimen.egg-info
creating runspecimen-0.2.0rc15/tests
creating runspecimen-0.2.0rc15/work
copying files to runspecimen-0.2.0rc15...
copying CHANGELOG.md -> runspecimen-0.2.0rc15
copying LICENSE -> runspecimen-0.2.0rc15
copying MANIFEST.in -> runspecimen-0.2.0rc15
copying README.md -> runspecimen-0.2.0rc15
copying SECURITY.md -> runspecimen-0.2.0rc15
copying pyproject.toml -> runspecimen-0.2.0rc15
copying .agents/plugins/marketplace.json -> runspecimen-0.2.0rc15/.agents/plugins
copying .claude-plugin/marketplace.json -> runspecimen-0.2.0rc15/.claude-plugin
copying .cursor-plugin/marketplace.json -> runspecimen-0.2.0rc15/.cursor-plugin
copying .cursor/rules/runspecimen.mdc -> runspecimen-0.2.0rc15/.cursor/rules
copying .junie-extension/marketplace.json -> runspecimen-0.2.0rc15/.junie-extension
copying docs/ABOUT.md -> runspecimen-0.2.0rc15/docs
copying docs/ED25519_RECEIPTS.md -> runspecimen-0.2.0rc15/docs
copying docs/FAQ.md -> runspecimen-0.2.0rc15/docs
copying docs/INTEGRATIONS.md -> runspecimen-0.2.0rc15/docs
copying docs/MARKET_AND_DISTRIBUTION.md -> runspecimen-0.2.0rc15/docs
copying docs/NEXT_CHANGES.md -> runspecimen-0.2.0rc15/docs
copying docs/PRODUCT_PLAN.md -> runspecimen-0.2.0rc15/docs
copying docs/RELEASE_CANDIDATE_REPORT.md -> runspecimen-0.2.0rc15/docs
copying docs/RELEASE_CHECKLIST.md -> runspecimen-0.2.0rc15/docs
copying docs/RELEASE_IDENTITY.md -> runspecimen-0.2.0rc15/docs
copying docs/ROADMAP_PHASED.md -> runspecimen-0.2.0rc15/docs
copying docs/SCHEMA_COMPATIBILITY.md -> runspecimen-0.2.0rc15/docs
copying docs/SUBMISSION.md -> runspecimen-0.2.0rc15/docs
copying docs/THREAT_MODEL.md -> runspecimen-0.2.0rc15/docs
copying docs/USER_GUIDE.md -> runspecimen-0.2.0rc15/docs
copying examples/demo_contract.json -> runspecimen-0.2.0rc15/examples
copying examples/campaigns/adversarial-first-run/README.md -> runspecimen-0.2.0rc15/examples/campaigns/adversarial-first-run
copying examples/campaigns/adversarial-first-run/contract.json -> runspecimen-0.2.0rc15/examples/campaigns/adversarial-first-run
copying examples/campaigns/adversarial-first-run/work/job.py -> runspecimen-0.2.0rc15/examples/campaigns/adversarial-first-run/work
copying examples/showcase/README.md -> runspecimen-0.2.0rc15/examples/showcase
copying examples/showcase/contract.json -> runspecimen-0.2.0rc15/examples/showcase
copying examples/showcase/work/compute.py -> runspecimen-0.2.0rc15/examples/showcase/work
copying examples/templates/README.md -> runspecimen-0.2.0rc15/examples/templates
copying examples/templates/ml-eval/contract.json -> runspecimen-0.2.0rc15/examples/templates/ml-eval
copying examples/templates/research/contract.json -> runspecimen-0.2.0rc15/examples/templates/research
copying examples/templates/security/contract.json -> runspecimen-0.2.0rc15/examples/templates/security
copying examples/templates/shared-policy/policy.json -> runspecimen-0.2.0rc15/examples/templates/shared-policy
copying examples/templates/task-manifest/README.md -> runspecimen-0.2.0rc15/examples/templates/task-manifest
copying packaging/homebrew/README.md -> runspecimen-0.2.0rc15/packaging/homebrew
copying packaging/homebrew/runspecimen.rb -> runspecimen-0.2.0rc15/packaging/homebrew
copying plugins/runspecimen/.mcp.json -> runspecimen-0.2.0rc15/plugins/runspecimen
copying plugins/runspecimen/GEMINI.md -> runspecimen-0.2.0rc15/plugins/runspecimen
copying plugins/runspecimen/README.md -> runspecimen-0.2.0rc15/plugins/runspecimen
copying plugins/runspecimen/extension.json -> runspecimen-0.2.0rc15/plugins/runspecimen
copying plugins/runspecimen/gemini-extension.json -> runspecimen-0.2.0rc15/plugins/runspecimen
copying plugins/runspecimen/.claude-plugin/plugin.json -> runspecimen-0.2.0rc15/plugins/runspecimen/.claude-plugin
copying plugins/runspecimen/.codex-plugin/plugin.json -> runspecimen-0.2.0rc15/plugins/runspecimen/.codex-plugin
copying plugins/runspecimen/.cursor-plugin/plugin.json -> runspecimen-0.2.0rc15/plugins/runspecimen/.cursor-plugin
copying plugins/runspecimen/antigravity/README.md -> runspecimen-0.2.0rc15/plugins/runspecimen/antigravity
copying plugins/runspecimen/antigravity/hooks.json -> runspecimen-0.2.0rc15/plugins/runspecimen/antigravity
copying plugins/runspecimen/antigravity/mcp_config.json -> runspecimen-0.2.0rc15/plugins/runspecimen/antigravity
copying plugins/runspecimen/antigravity/plugin.json -> runspecimen-0.2.0rc15/plugins/runspecimen/antigravity
copying plugins/runspecimen/antigravity/rules/runspecimen.md -> runspecimen-0.2.0rc15/plugins/runspecimen/antigravity/rules
copying plugins/runspecimen/antigravity/scripts/block_approve_gate.py -> runspecimen-0.2.0rc15/plugins/runspecimen/antigravity/scripts
copying plugins/runspecimen/antigravity/scripts/runspecimen_mcp.py -> runspecimen-0.2.0rc15/plugins/runspecimen/antigravity/scripts
copying plugins/runspecimen/antigravity/skills/runspecimen/SKILL.md -> runspecimen-0.2.0rc15/plugins/runspecimen/antigravity/skills/runspecimen
copying plugins/runspecimen/assets/composer-icon.png -> runspecimen-0.2.0rc15/plugins/runspecimen/assets
copying plugins/runspecimen/assets/composer-icon.svg -> runspecimen-0.2.0rc15/plugins/runspecimen/assets
copying plugins/runspecimen/assets/logo.png -> runspecimen-0.2.0rc15/plugins/runspecimen/assets
copying plugins/runspecimen/assets/logo.svg -> runspecimen-0.2.0rc15/plugins/runspecimen/assets
copying plugins/runspecimen/commands/request-approval.md -> runspecimen-0.2.0rc15/plugins/runspecimen/commands
copying plugins/runspecimen/commands/request-approval.toml -> runspecimen-0.2.0rc15/plugins/runspecimen/commands
copying plugins/runspecimen/commands/status.md -> runspecimen-0.2.0rc15/plugins/runspecimen/commands
copying plugins/runspecimen/commands/status.toml -> runspecimen-0.2.0rc15/plugins/runspecimen/commands
copying plugins/runspecimen/commands/validate.md -> runspecimen-0.2.0rc15/plugins/runspecimen/commands
copying plugins/runspecimen/commands/validate.toml -> runspecimen-0.2.0rc15/plugins/runspecimen/commands
copying plugins/runspecimen/commands/verify.md -> runspecimen-0.2.0rc15/plugins/runspecimen/commands
copying plugins/runspecimen/commands/verify.toml -> runspecimen-0.2.0rc15/plugins/runspecimen/commands
copying plugins/runspecimen/gemini/README.md -> runspecimen-0.2.0rc15/plugins/runspecimen/gemini
copying plugins/runspecimen/grok/AGENTS.md -> runspecimen-0.2.0rc15/plugins/runspecimen/grok
copying plugins/runspecimen/grok/README.md -> runspecimen-0.2.0rc15/plugins/runspecimen/grok
copying plugins/runspecimen/guidelines/runspecimen.md -> runspecimen-0.2.0rc15/plugins/runspecimen/guidelines
copying plugins/runspecimen/hooks/claude-hooks.json -> runspecimen-0.2.0rc15/plugins/runspecimen/hooks
copying plugins/runspecimen/hooks/hooks.json -> runspecimen-0.2.0rc15/plugins/runspecimen/hooks
copying plugins/runspecimen/jetbrains/README.md -> runspecimen-0.2.0rc15/plugins/runspecimen/jetbrains
copying plugins/runspecimen/jetbrains/guidelines/runspecimen.md -> runspecimen-0.2.0rc15/plugins/runspecimen/jetbrains/guidelines
copying plugins/runspecimen/jetbrains/intellij-plugin/README.md -> runspecimen-0.2.0rc15/plugins/runspecimen/jetbrains/intellij-plugin
copying plugins/runspecimen/jetbrains/intellij-plugin/build.gradle.kts -> runspecimen-0.2.0rc15/plugins/runspecimen/jetbrains/intellij-plugin
copying plugins/runspecimen/jetbrains/intellij-plugin/settings.gradle.kts -> runspecimen-0.2.0rc15/plugins/runspecimen/jetbrains/intellij-plugin
copying plugins/runspecimen/jetbrains/intellij-plugin/src/main/kotlin/com/runspecimen/intellij/Actions.kt -> runspecimen-0.2.0rc15/plugins/runspecimen/jetbrains/intellij-plugin/src/main/kotlin/com/runspecimen/intellij
copying plugins/runspecimen/jetbrains/intellij-plugin/src/main/resources/META-INF/plugin.xml -> runspecimen-0.2.0rc15/plugins/runspecimen/jetbrains/intellij-plugin/src/main/resources/META-INF
copying plugins/runspecimen/jetbrains/scripts/ide_actions.py -> runspecimen-0.2.0rc15/plugins/runspecimen/jetbrains/scripts
copying plugins/runspecimen/mcp/.mcp.json -> runspecimen-0.2.0rc15/plugins/runspecimen/mcp
copying plugins/runspecimen/muse/README.md -> runspecimen-0.2.0rc15/plugins/runspecimen/muse
copying plugins/runspecimen/muse/examples/hooks.beta.json -> runspecimen-0.2.0rc15/plugins/runspecimen/muse/examples
copying plugins/runspecimen/muse/examples/mcp_settings.fragment.json -> runspecimen-0.2.0rc15/plugins/runspecimen/muse/examples
copying plugins/runspecimen/muse/skills/runspecimen/SKILL.md -> runspecimen-0.2.0rc15/plugins/runspecimen/muse/skills/runspecimen
copying plugins/runspecimen/rules/runspecimen.mdc -> runspecimen-0.2.0rc15/plugins/runspecimen/rules
copying plugins/runspecimen/scripts/block_approve_gate.py -> runspecimen-0.2.0rc15/plugins/runspecimen/scripts
copying plugins/runspecimen/scripts/runspecimen_adapter.py -> runspecimen-0.2.0rc15/plugins/runspecimen/scripts
copying plugins/runspecimen/scripts/runspecimen_mcp.py -> runspecimen-0.2.0rc15/plugins/runspecimen/scripts
copying plugins/runspecimen/skills/runspecimen/SKILL.md -> runspecimen-0.2.0rc15/plugins/runspecimen/skills/runspecimen
copying plugins/runspecimen/windsurf/README.md -> runspecimen-0.2.0rc15/plugins/runspecimen/windsurf
copying plugins/runspecimen/windsurf/rules/runspecimen.md -> runspecimen-0.2.0rc15/plugins/runspecimen/windsurf/rules
copying plugins/runspecimen/windsurf/skills/runspecimen/SKILL.md -> runspecimen-0.2.0rc15/plugins/runspecimen/windsurf/skills/runspecimen
copying scripts/bootstrap_dev.sh -> runspecimen-0.2.0rc15/scripts
copying scripts/demo_rc.sh -> runspecimen-0.2.0rc15/scripts
copying scripts/refresh_showcase.py -> runspecimen-0.2.0rc15/scripts
copying scripts/release_check.py -> runspecimen-0.2.0rc15/scripts
copying scripts/verify_release_assets.py -> runspecimen-0.2.0rc15/scripts
copying src/runspecimen/__init__.py -> runspecimen-0.2.0rc15/src/runspecimen
copying src/runspecimen/__main__.py -> runspecimen-0.2.0rc15/src/runspecimen
copying src/runspecimen/approve.py -> runspecimen-0.2.0rc15/src/runspecimen
copying src/runspecimen/artifact.py -> runspecimen-0.2.0rc15/src/runspecimen
copying src/runspecimen/atomic.py -> runspecimen-0.2.0rc15/src/runspecimen
copying src/runspecimen/bundle.py -> runspecimen-0.2.0rc15/src/runspecimen
copying src/runspecimen/certificate.py -> runspecimen-0.2.0rc15/src/runspecimen
copying src/runspecimen/cli.py -> runspecimen-0.2.0rc15/src/runspecimen
copying src/runspecimen/cli_expansion.py -> runspecimen-0.2.0rc15/src/runspecimen
copying src/runspecimen/companion.py -> runspecimen-0.2.0rc15/src/runspecimen
copying src/runspecimen/companion_attention.py -> runspecimen-0.2.0rc15/src/runspecimen
copying src/runspecimen/companion_tls.py -> runspecimen-0.2.0rc15/src/runspecimen
copying src/runspecimen/configsync.py -> runspecimen-0.2.0rc15/src/runspecimen
copying src/runspecimen/contract.py -> runspecimen-0.2.0rc15/src/runspecimen
copying src/runspecimen/coordination.py -> runspecimen-0.2.0rc15/src/runspecimen
copying src/runspecimen/dashboard.py -> runspecimen-0.2.0rc15/src/runspecimen
copying src/runspecimen/decisions.py -> runspecimen-0.2.0rc15/src/runspecimen
copying src/runspecimen/demo.py -> runspecimen-0.2.0rc15/src/runspecimen
copying src/runspecimen/digest.py -> runspecimen-0.2.0rc15/src/runspecimen
copying src/runspecimen/errors.py -> runspecimen-0.2.0rc15/src/runspecimen
copying src/runspecimen/evalsuite.py -> runspecimen-0.2.0rc15/src/runspecimen
copying src/runspecimen/events.py -> runspecimen-0.2.0rc15/src/runspecimen
copying src/runspecimen/execution_holder.py -> runspecimen-0.2.0rc15/src/runspecimen
copying src/runspecimen/fastpath.py -> runspecimen-0.2.0rc15/src/runspecimen
copying src/runspecimen/freshness.py -> runspecimen-0.2.0rc15/src/runspecimen
copying src/runspecimen/hashutil.py -> runspecimen-0.2.0rc15/src/runspecimen
copying src/runspecimen/holder_adapter.py -> runspecimen-0.2.0rc15/src/runspecimen
copying src/runspecimen/holder_asymmetric.py -> runspecimen-0.2.0rc15/src/runspecimen
copying src/runspecimen/holder_daemon.py -> runspecimen-0.2.0rc15/src/runspecimen
copying src/runspecimen/holder_drop_exec.py -> runspecimen-0.2.0rc15/src/runspecimen
copying src/runspecimen/holder_entry.py -> runspecimen-0.2.0rc15/src/runspecimen
copying src/runspecimen/holder_io.py -> runspecimen-0.2.0rc15/src/runspecimen
copying src/runspecimen/holder_protocol.py -> runspecimen-0.2.0rc15/src/runspecimen
copying src/runspecimen/holder_runtime.py -> runspecimen-0.2.0rc15/src/runspecimen
copying src/runspecimen/holder_supervise_exec.py -> runspecimen-0.2.0rc15/src/runspecimen
copying src/runspecimen/isolation.py -> runspecimen-0.2.0rc15/src/runspecimen
copying src/runspecimen/lease.py -> runspecimen-0.2.0rc15/src/runspecimen
copying src/runspecimen/native_p256_verify.swift -> runspecimen-0.2.0rc15/src/runspecimen
copying src/runspecimen/paths.py -> runspecimen-0.2.0rc15/src/runspecimen
copying src/runspecimen/policy.py -> runspecimen-0.2.0rc15/src/runspecimen
copying src/runspecimen/postflight.py -> runspecimen-0.2.0rc15/src/runspecimen
copying src/runspecimen/preflight.py -> runspecimen-0.2.0rc15/src/runspecimen
copying src/runspecimen/pubkey.py -> runspecimen-0.2.0rc15/src/runspecimen
copying src/runspecimen/py.typed -> runspecimen-0.2.0rc15/src/runspecimen
copying src/runspecimen/recovery.py -> runspecimen-0.2.0rc15/src/runspecimen
copying src/runspecimen/remote_confirm.py -> runspecimen-0.2.0rc15/src/runspecimen
copying src/runspecimen/requirements.py -> runspecimen-0.2.0rc15/src/runspecimen
copying src/runspecimen/run.py -> runspecimen-0.2.0rc15/src/runspecimen
copying src/runspecimen/runtime.py -> runspecimen-0.2.0rc15/src/runspecimen
copying src/runspecimen/scenes.py -> runspecimen-0.2.0rc15/src/runspecimen
copying src/runspecimen/schema.py -> runspecimen-0.2.0rc15/src/runspecimen
copying src/runspecimen/signing.py -> runspecimen-0.2.0rc15/src/runspecimen
copying src/runspecimen/snapshot.py -> runspecimen-0.2.0rc15/src/runspecimen
copying src/runspecimen/state.py -> runspecimen-0.2.0rc15/src/runspecimen
copying src/runspecimen/status.py -> runspecimen-0.2.0rc15/src/runspecimen
copying src/runspecimen/usage.py -> runspecimen-0.2.0rc15/src/runspecimen
copying src/runspecimen.egg-info/PKG-INFO -> runspecimen-0.2.0rc15/src/runspecimen.egg-info
copying src/runspecimen.egg-info/SOURCES.txt -> runspecimen-0.2.0rc15/src/runspecimen.egg-info
copying src/runspecimen.egg-info/dependency_links.txt -> runspecimen-0.2.0rc15/src/runspecimen.egg-info
copying src/runspecimen.egg-info/entry_points.txt -> runspecimen-0.2.0rc15/src/runspecimen.egg-info
copying src/runspecimen.egg-info/requires.txt -> runspecimen-0.2.0rc15/src/runspecimen.egg-info
copying src/runspecimen.egg-info/top_level.txt -> runspecimen-0.2.0rc15/src/runspecimen.egg-info
copying tests/__init__.py -> runspecimen-0.2.0rc15/tests
copying tests/helpers.py -> runspecimen-0.2.0rc15/tests
copying tests/launch_fault_harness.py -> runspecimen-0.2.0rc15/tests
copying tests/test_adversarial.py -> runspecimen-0.2.0rc15/tests
copying tests/test_approval_paths.py -> runspecimen-0.2.0rc15/tests
copying tests/test_bundle.py -> runspecimen-0.2.0rc15/tests
copying tests/test_bwrap_linux.py -> runspecimen-0.2.0rc15/tests
copying tests/test_cli_signing.py -> runspecimen-0.2.0rc15/tests
copying tests/test_companion.py -> runspecimen-0.2.0rc15/tests
copying tests/test_companion_tls_attention.py -> runspecimen-0.2.0rc15/tests
copying tests/test_contract_parser_adversarial.py -> runspecimen-0.2.0rc15/tests
copying tests/test_core_hardening.py -> runspecimen-0.2.0rc15/tests
copying tests/test_dashboard.py -> runspecimen-0.2.0rc15/tests
copying tests/test_demo_cli.py -> runspecimen-0.2.0rc15/tests
copying tests/test_digest.py -> runspecimen-0.2.0rc15/tests
copying tests/test_ed25519.py -> runspecimen-0.2.0rc15/tests
copying tests/test_evidence_expansion.py -> runspecimen-0.2.0rc15/tests
copying tests/test_execution_holder.py -> runspecimen-0.2.0rc15/tests
copying tests/test_fastpath.py -> runspecimen-0.2.0rc15/tests
copying tests/test_freshness_show.py -> runspecimen-0.2.0rc15/tests
copying tests/test_fuzz_contracts.py -> runspecimen-0.2.0rc15/tests
copying tests/test_hash_status.py -> runspecimen-0.2.0rc15/tests
copying tests/test_holder_daemon_accept.py -> runspecimen-0.2.0rc15/tests
copying tests/test_holder_protocol.py -> runspecimen-0.2.0rc15/tests
copying tests/test_holder_runtime_trust.py -> runspecimen-0.2.0rc15/tests
copying tests/test_holder_socket_isolation.py -> runspecimen-0.2.0rc15/tests
copying tests/test_isolation_identity.py -> runspecimen-0.2.0rc15/tests
copying tests/test_launch_faults.py -> runspecimen-0.2.0rc15/tests
copying tests/test_lease.py -> runspecimen-0.2.0rc15/tests
copying tests/test_local_approver.py -> runspecimen-0.2.0rc15/tests
copying tests/test_nm_symbol_gate.py -> runspecimen-0.2.0rc15/tests
copying tests/test_p1_evidence_blockers.py -> runspecimen-0.2.0rc15/tests
copying tests/test_p2_p3_qa_fixes.py -> runspecimen-0.2.0rc15/tests
copying tests/test_phases.py -> runspecimen-0.2.0rc15/tests
copying tests/test_plugins.py -> runspecimen-0.2.0rc15/tests
copying tests/test_predecessor_postflight.py -> runspecimen-0.2.0rc15/tests
copying tests/test_recovery.py -> runspecimen-0.2.0rc15/tests
copying tests/test_rejected_runtime_symbols.py -> runspecimen-0.2.0rc15/tests
copying tests/test_release_archive_reproducibility.py -> runspecimen-0.2.0rc15/tests
copying tests/test_release_source_prelude.py -> runspecimen-0.2.0rc15/tests
copying tests/test_remote_confirm.py -> runspecimen-0.2.0rc15/tests
copying tests/test_runtime_identity_cli 2.py -> runspecimen-0.2.0rc15/tests
copying tests/test_runtime_identity_cli.py -> runspecimen-0.2.0rc15/tests
copying tests/test_runtime_provenance.py -> runspecimen-0.2.0rc15/tests
copying tests/test_schema_compat.py -> runspecimen-0.2.0rc15/tests
copying tests/test_signing.py -> runspecimen-0.2.0rc15/tests
copying tests/test_tamper.py -> runspecimen-0.2.0rc15/tests
copying tests/test_timeout_run.py -> runspecimen-0.2.0rc15/tests
copying tests/test_verify_release_assets.py -> runspecimen-0.2.0rc15/tests
copying work/compute.py -> runspecimen-0.2.0rc15/work
Writing runspecimen-0.2.0rc15/setup.cfg
Creating tar archive
removing 'runspecimen-0.2.0rc15' (and everything under it)
+ /private/tmp/rs-py312-rel-holder/bin/python -m pip wheel --no-index --no-deps --no-build-isolation --wheel-dir /var/folders/nb/gwgrnsjx7d5ftv5rz0nz1vkh0000gn/T/runspecimen-archive-qthtcrjd/artifacts /var/folders/nb/gwgrnsjx7d5ftv5rz0nz1vkh0000gn/T/runspecimen-archive-qthtcrjd/extracted/runspecimen-0.2.0rc15
Processing /var/folders/nb/gwgrnsjx7d5ftv5rz0nz1vkh0000gn/T/runspecimen-archive-qthtcrjd/extracted/runspecimen-0.2.0rc15
  Preparing metadata (pyproject.toml): started
  Preparing metadata (pyproject.toml): finished with status 'done'
Building wheels for collected packages: runspecimen
  Building wheel for runspecimen (pyproject.toml): started
  Building wheel for runspecimen (pyproject.toml): finished with status 'done'
  Created wheel for runspecimen: filename=runspecimen-0.2.0rc15-py3-none-any.whl size=219056 sha256=46fa02e8579b0e1c42e4713b5a32d26e921eca155488db4706776b2e286f9bf1
  Stored in directory: /private/var/folders/nb/gwgrnsjx7d5ftv5rz0nz1vkh0000gn/T/pip-ephem-wheel-cache-irtdg02v/wheels/16/84/e6/9af3cf07170243a4311069a50739793a1dde3e6194d82ad8ed
Successfully built runspecimen
+ /private/tmp/rs-py312-rel-holder/bin/python -m compileall -q src scripts
+ /private/tmp/rs-py312-rel-holder/bin/python -c from setuptools.build_meta import build_sdist; build_sdist('/var/folders/nb/gwgrnsjx7d5ftv5rz0nz1vkh0000gn/T/runspecimen-archive-ego8cyk9/artifacts')
/private/tmp/rs-py312-rel-holder/lib/python3.12/site-packages/setuptools/config/_apply_pyprojecttoml.py:82: SetuptoolsDeprecationWarning: `project.license` as a TOML table is deprecated
!!

        ********************************************************************************
        Please use a simple string containing a SPDX expression for `project.license`. You can also use `project.license-files`. (Both options available on setuptools>=77.0.0).

        By 2027-Feb-18, you need to update your project and remove deprecated calls
        or your builds will no longer be supported.

        See https://packaging.python.org/en/latest/guides/writing-pyproject-toml/#license for details.
        ********************************************************************************

!!
  corresp(dist, value, root_dir)
running sdist
running egg_info
creating src/runspecimen.egg-info
writing src/runspecimen.egg-info/PKG-INFO
writing dependency_links to src/runspecimen.egg-info/dependency_links.txt
writing entry points to src/runspecimen.egg-info/entry_points.txt
writing requirements to src/runspecimen.egg-info/requires.txt
writing top-level names to src/runspecimen.egg-info/top_level.txt
writing manifest file 'src/runspecimen.egg-info/SOURCES.txt'
reading manifest file 'src/runspecimen.egg-info/SOURCES.txt'
reading manifest template 'MANIFEST.in'
no previously-included directories found matching 'examples/showcase/.runspecimen'
warning: no previously-included files matching '__pycache__' found anywhere in distribution
warning: no previously-included files matching '*.py[cod]' found anywhere in distribution
warning: no previously-included files matching '.DS_Store' found anywhere in distribution
adding license file 'LICENSE'
writing manifest file 'src/runspecimen.egg-info/SOURCES.txt'
running check
creating runspecimen-0.2.0rc15
creating runspecimen-0.2.0rc15/.agents/plugins
creating runspecimen-0.2.0rc15/.claude-plugin
creating runspecimen-0.2.0rc15/.cursor-plugin
creating runspecimen-0.2.0rc15/.cursor/rules
creating runspecimen-0.2.0rc15/.junie-extension
creating runspecimen-0.2.0rc15/docs
creating runspecimen-0.2.0rc15/examples
creating runspecimen-0.2.0rc15/examples/campaigns/adversarial-first-run
creating runspecimen-0.2.0rc15/examples/campaigns/adversarial-first-run/work
creating runspecimen-0.2.0rc15/examples/showcase
creating runspecimen-0.2.0rc15/examples/showcase/work
creating runspecimen-0.2.0rc15/examples/templates
creating runspecimen-0.2.0rc15/examples/templates/ml-eval
creating runspecimen-0.2.0rc15/examples/templates/research
creating runspecimen-0.2.0rc15/examples/templates/security
creating runspecimen-0.2.0rc15/examples/templates/shared-policy
creating runspecimen-0.2.0rc15/examples/templates/task-manifest
creating runspecimen-0.2.0rc15/packaging/homebrew
creating runspecimen-0.2.0rc15/plugins/runspecimen
creating runspecimen-0.2.0rc15/plugins/runspecimen/.claude-plugin
creating runspecimen-0.2.0rc15/plugins/runspecimen/.codex-plugin
creating runspecimen-0.2.0rc15/plugins/runspecimen/.cursor-plugin
creating runspecimen-0.2.0rc15/plugins/runspecimen/antigravity
creating runspecimen-0.2.0rc15/plugins/runspecimen/antigravity/rules
creating runspecimen-0.2.0rc15/plugins/runspecimen/antigravity/scripts
creating runspecimen-0.2.0rc15/plugins/runspecimen/antigravity/skills/runspecimen
creating runspecimen-0.2.0rc15/plugins/runspecimen/assets
creating runspecimen-0.2.0rc15/plugins/runspecimen/commands
creating runspecimen-0.2.0rc15/plugins/runspecimen/gemini
creating runspecimen-0.2.0rc15/plugins/runspecimen/grok
creating runspecimen-0.2.0rc15/plugins/runspecimen/guidelines
creating runspecimen-0.2.0rc15/plugins/runspecimen/hooks
creating runspecimen-0.2.0rc15/plugins/runspecimen/jetbrains
creating runspecimen-0.2.0rc15/plugins/runspecimen/jetbrains/guidelines
creating runspecimen-0.2.0rc15/plugins/runspecimen/jetbrains/intellij-plugin
creating runspecimen-0.2.0rc15/plugins/runspecimen/jetbrains/intellij-plugin/src/main/kotlin/com/runspecimen/intellij
creating runspecimen-0.2.0rc15/plugins/runspecimen/jetbrains/intellij-plugin/src/main/resources/META-INF
creating runspecimen-0.2.0rc15/plugins/runspecimen/jetbrains/scripts
creating runspecimen-0.2.0rc15/plugins/runspecimen/mcp
creating runspecimen-0.2.0rc15/plugins/runspecimen/muse
creating runspecimen-0.2.0rc15/plugins/runspecimen/muse/examples
creating runspecimen-0.2.0rc15/plugins/runspecimen/muse/skills/runspecimen
creating runspecimen-0.2.0rc15/plugins/runspecimen/rules
creating runspecimen-0.2.0rc15/plugins/runspecimen/scripts
creating runspecimen-0.2.0rc15/plugins/runspecimen/skills/runspecimen
creating runspecimen-0.2.0rc15/plugins/runspecimen/windsurf
creating runspecimen-0.2.0rc15/plugins/runspecimen/windsurf/rules
creating runspecimen-0.2.0rc15/plugins/runspecimen/windsurf/skills/runspecimen
creating runspecimen-0.2.0rc15/scripts
creating runspecimen-0.2.0rc15/src/runspecimen
creating runspecimen-0.2.0rc15/src/runspecimen.egg-info
creating runspecimen-0.2.0rc15/tests
creating runspecimen-0.2.0rc15/work
copying files to runspecimen-0.2.0rc15...
copying CHANGELOG.md -> runspecimen-0.2.0rc15
copying LICENSE -> runspecimen-0.2.0rc15
copying MANIFEST.in -> runspecimen-0.2.0rc15
copying README.md -> runspecimen-0.2.0rc15
copying SECURITY.md -> runspecimen-0.2.0rc15
copying pyproject.toml -> runspecimen-0.2.0rc15
copying .agents/plugins/marketplace.json -> runspecimen-0.2.0rc15/.agents/plugins
copying .claude-plugin/marketplace.json -> runspecimen-0.2.0rc15/.claude-plugin
copying .cursor-plugin/marketplace.json -> runspecimen-0.2.0rc15/.cursor-plugin
copying .cursor/rules/runspecimen.mdc -> runspecimen-0.2.0rc15/.cursor/rules
copying .junie-extension/marketplace.json -> runspecimen-0.2.0rc15/.junie-extension
copying docs/ABOUT.md -> runspecimen-0.2.0rc15/docs
copying docs/ED25519_RECEIPTS.md -> runspecimen-0.2.0rc15/docs
copying docs/FAQ.md -> runspecimen-0.2.0rc15/docs
copying docs/INTEGRATIONS.md -> runspecimen-0.2.0rc15/docs
copying docs/MARKET_AND_DISTRIBUTION.md -> runspecimen-0.2.0rc15/docs
copying docs/NEXT_CHANGES.md -> runspecimen-0.2.0rc15/docs
copying docs/PRODUCT_PLAN.md -> runspecimen-0.2.0rc15/docs
copying docs/RELEASE_CANDIDATE_REPORT.md -> runspecimen-0.2.0rc15/docs
copying docs/RELEASE_CHECKLIST.md -> runspecimen-0.2.0rc15/docs
copying docs/RELEASE_IDENTITY.md -> runspecimen-0.2.0rc15/docs
copying docs/ROADMAP_PHASED.md -> runspecimen-0.2.0rc15/docs
copying docs/SCHEMA_COMPATIBILITY.md -> runspecimen-0.2.0rc15/docs
copying docs/SUBMISSION.md -> runspecimen-0.2.0rc15/docs
copying docs/THREAT_MODEL.md -> runspecimen-0.2.0rc15/docs
copying docs/USER_GUIDE.md -> runspecimen-0.2.0rc15/docs
copying examples/demo_contract.json -> runspecimen-0.2.0rc15/examples
copying examples/campaigns/adversarial-first-run/README.md -> runspecimen-0.2.0rc15/examples/campaigns/adversarial-first-run
copying examples/campaigns/adversarial-first-run/contract.json -> runspecimen-0.2.0rc15/examples/campaigns/adversarial-first-run
copying examples/campaigns/adversarial-first-run/work/job.py -> runspecimen-0.2.0rc15/examples/campaigns/adversarial-first-run/work
copying examples/showcase/README.md -> runspecimen-0.2.0rc15/examples/showcase
copying examples/showcase/contract.json -> runspecimen-0.2.0rc15/examples/showcase
copying examples/showcase/work/compute.py -> runspecimen-0.2.0rc15/examples/showcase/work
copying examples/templates/README.md -> runspecimen-0.2.0rc15/examples/templates
copying examples/templates/ml-eval/contract.json -> runspecimen-0.2.0rc15/examples/templates/ml-eval
copying examples/templates/research/contract.json -> runspecimen-0.2.0rc15/examples/templates/research
copying examples/templates/security/contract.json -> runspecimen-0.2.0rc15/examples/templates/security
copying examples/templates/shared-policy/policy.json -> runspecimen-0.2.0rc15/examples/templates/shared-policy
copying examples/templates/task-manifest/README.md -> runspecimen-0.2.0rc15/examples/templates/task-manifest
copying packaging/homebrew/README.md -> runspecimen-0.2.0rc15/packaging/homebrew
copying packaging/homebrew/runspecimen.rb -> runspecimen-0.2.0rc15/packaging/homebrew
copying plugins/runspecimen/.mcp.json -> runspecimen-0.2.0rc15/plugins/runspecimen
copying plugins/runspecimen/GEMINI.md -> runspecimen-0.2.0rc15/plugins/runspecimen
copying plugins/runspecimen/README.md -> runspecimen-0.2.0rc15/plugins/runspecimen
copying plugins/runspecimen/extension.json -> runspecimen-0.2.0rc15/plugins/runspecimen
copying plugins/runspecimen/gemini-extension.json -> runspecimen-0.2.0rc15/plugins/runspecimen
copying plugins/runspecimen/.claude-plugin/plugin.json -> runspecimen-0.2.0rc15/plugins/runspecimen/.claude-plugin
copying plugins/runspecimen/.codex-plugin/plugin.json -> runspecimen-0.2.0rc15/plugins/runspecimen/.codex-plugin
copying plugins/runspecimen/.cursor-plugin/plugin.json -> runspecimen-0.2.0rc15/plugins/runspecimen/.cursor-plugin
copying plugins/runspecimen/antigravity/README.md -> runspecimen-0.2.0rc15/plugins/runspecimen/antigravity
copying plugins/runspecimen/antigravity/hooks.json -> runspecimen-0.2.0rc15/plugins/runspecimen/antigravity
copying plugins/runspecimen/antigravity/mcp_config.json -> runspecimen-0.2.0rc15/plugins/runspecimen/antigravity
copying plugins/runspecimen/antigravity/plugin.json -> runspecimen-0.2.0rc15/plugins/runspecimen/antigravity
copying plugins/runspecimen/antigravity/rules/runspecimen.md -> runspecimen-0.2.0rc15/plugins/runspecimen/antigravity/rules
copying plugins/runspecimen/antigravity/scripts/block_approve_gate.py -> runspecimen-0.2.0rc15/plugins/runspecimen/antigravity/scripts
copying plugins/runspecimen/antigravity/scripts/runspecimen_mcp.py -> runspecimen-0.2.0rc15/plugins/runspecimen/antigravity/scripts
copying plugins/runspecimen/antigravity/skills/runspecimen/SKILL.md -> runspecimen-0.2.0rc15/plugins/runspecimen/antigravity/skills/runspecimen
copying plugins/runspecimen/assets/composer-icon.png -> runspecimen-0.2.0rc15/plugins/runspecimen/assets
copying plugins/runspecimen/assets/composer-icon.svg -> runspecimen-0.2.0rc15/plugins/runspecimen/assets
copying plugins/runspecimen/assets/logo.png -> runspecimen-0.2.0rc15/plugins/runspecimen/assets
copying plugins/runspecimen/assets/logo.svg -> runspecimen-0.2.0rc15/plugins/runspecimen/assets
copying plugins/runspecimen/commands/request-approval.md -> runspecimen-0.2.0rc15/plugins/runspecimen/commands
copying plugins/runspecimen/commands/request-approval.toml -> runspecimen-0.2.0rc15/plugins/runspecimen/commands
copying plugins/runspecimen/commands/status.md -> runspecimen-0.2.0rc15/plugins/runspecimen/commands
copying plugins/runspecimen/commands/status.toml -> runspecimen-0.2.0rc15/plugins/runspecimen/commands
copying plugins/runspecimen/commands/validate.md -> runspecimen-0.2.0rc15/plugins/runspecimen/commands
copying plugins/runspecimen/commands/validate.toml -> runspecimen-0.2.0rc15/plugins/runspecimen/commands
copying plugins/runspecimen/commands/verify.md -> runspecimen-0.2.0rc15/plugins/runspecimen/commands
copying plugins/runspecimen/commands/verify.toml -> runspecimen-0.2.0rc15/plugins/runspecimen/commands
copying plugins/runspecimen/gemini/README.md -> runspecimen-0.2.0rc15/plugins/runspecimen/gemini
copying plugins/runspecimen/grok/AGENTS.md -> runspecimen-0.2.0rc15/plugins/runspecimen/grok
copying plugins/runspecimen/grok/README.md -> runspecimen-0.2.0rc15/plugins/runspecimen/grok
copying plugins/runspecimen/guidelines/runspecimen.md -> runspecimen-0.2.0rc15/plugins/runspecimen/guidelines
copying plugins/runspecimen/hooks/claude-hooks.json -> runspecimen-0.2.0rc15/plugins/runspecimen/hooks
copying plugins/runspecimen/hooks/hooks.json -> runspecimen-0.2.0rc15/plugins/runspecimen/hooks
copying plugins/runspecimen/jetbrains/README.md -> runspecimen-0.2.0rc15/plugins/runspecimen/jetbrains
copying plugins/runspecimen/jetbrains/guidelines/runspecimen.md -> runspecimen-0.2.0rc15/plugins/runspecimen/jetbrains/guidelines
copying plugins/runspecimen/jetbrains/intellij-plugin/README.md -> runspecimen-0.2.0rc15/plugins/runspecimen/jetbrains/intellij-plugin
copying plugins/runspecimen/jetbrains/intellij-plugin/build.gradle.kts -> runspecimen-0.2.0rc15/plugins/runspecimen/jetbrains/intellij-plugin
copying plugins/runspecimen/jetbrains/intellij-plugin/settings.gradle.kts -> runspecimen-0.2.0rc15/plugins/runspecimen/jetbrains/intellij-plugin
copying plugins/runspecimen/jetbrains/intellij-plugin/src/main/kotlin/com/runspecimen/intellij/Actions.kt -> runspecimen-0.2.0rc15/plugins/runspecimen/jetbrains/intellij-plugin/src/main/kotlin/com/runspecimen/intellij
copying plugins/runspecimen/jetbrains/intellij-plugin/src/main/resources/META-INF/plugin.xml -> runspecimen-0.2.0rc15/plugins/runspecimen/jetbrains/intellij-plugin/src/main/resources/META-INF
copying plugins/runspecimen/jetbrains/scripts/ide_actions.py -> runspecimen-0.2.0rc15/plugins/runspecimen/jetbrains/scripts
copying plugins/runspecimen/mcp/.mcp.json -> runspecimen-0.2.0rc15/plugins/runspecimen/mcp
copying plugins/runspecimen/muse/README.md -> runspecimen-0.2.0rc15/plugins/runspecimen/muse
copying plugins/runspecimen/muse/examples/hooks.beta.json -> runspecimen-0.2.0rc15/plugins/runspecimen/muse/examples
copying plugins/runspecimen/muse/examples/mcp_settings.fragment.json -> runspecimen-0.2.0rc15/plugins/runspecimen/muse/examples
copying plugins/runspecimen/muse/skills/runspecimen/SKILL.md -> runspecimen-0.2.0rc15/plugins/runspecimen/muse/skills/runspecimen
copying plugins/runspecimen/rules/runspecimen.mdc -> runspecimen-0.2.0rc15/plugins/runspecimen/rules
copying plugins/runspecimen/scripts/block_approve_gate.py -> runspecimen-0.2.0rc15/plugins/runspecimen/scripts
copying plugins/runspecimen/scripts/runspecimen_adapter.py -> runspecimen-0.2.0rc15/plugins/runspecimen/scripts
copying plugins/runspecimen/scripts/runspecimen_mcp.py -> runspecimen-0.2.0rc15/plugins/runspecimen/scripts
copying plugins/runspecimen/skills/runspecimen/SKILL.md -> runspecimen-0.2.0rc15/plugins/runspecimen/skills/runspecimen
copying plugins/runspecimen/windsurf/README.md -> runspecimen-0.2.0rc15/plugins/runspecimen/windsurf
copying plugins/runspecimen/windsurf/rules/runspecimen.md -> runspecimen-0.2.0rc15/plugins/runspecimen/windsurf/rules
copying plugins/runspecimen/windsurf/skills/runspecimen/SKILL.md -> runspecimen-0.2.0rc15/plugins/runspecimen/windsurf/skills/runspecimen
copying scripts/bootstrap_dev.sh -> runspecimen-0.2.0rc15/scripts
copying scripts/demo_rc.sh -> runspecimen-0.2.0rc15/scripts
copying scripts/refresh_showcase.py -> runspecimen-0.2.0rc15/scripts
copying scripts/release_check.py -> runspecimen-0.2.0rc15/scripts
copying scripts/verify_release_assets.py -> runspecimen-0.2.0rc15/scripts
copying src/runspecimen/__init__.py -> runspecimen-0.2.0rc15/src/runspecimen
copying src/runspecimen/__main__.py -> runspecimen-0.2.0rc15/src/runspecimen
copying src/runspecimen/approve.py -> runspecimen-0.2.0rc15/src/runspecimen
copying src/runspecimen/artifact.py -> runspecimen-0.2.0rc15/src/runspecimen
copying src/runspecimen/atomic.py -> runspecimen-0.2.0rc15/src/runspecimen
copying src/runspecimen/bundle.py -> runspecimen-0.2.0rc15/src/runspecimen
copying src/runspecimen/certificate.py -> runspecimen-0.2.0rc15/src/runspecimen
copying src/runspecimen/cli.py -> runspecimen-0.2.0rc15/src/runspecimen
copying src/runspecimen/cli_expansion.py -> runspecimen-0.2.0rc15/src/runspecimen
copying src/runspecimen/companion.py -> runspecimen-0.2.0rc15/src/runspecimen
copying src/runspecimen/companion_attention.py -> runspecimen-0.2.0rc15/src/runspecimen
copying src/runspecimen/companion_tls.py -> runspecimen-0.2.0rc15/src/runspecimen
copying src/runspecimen/configsync.py -> runspecimen-0.2.0rc15/src/runspecimen
copying src/runspecimen/contract.py -> runspecimen-0.2.0rc15/src/runspecimen
copying src/runspecimen/coordination.py -> runspecimen-0.2.0rc15/src/runspecimen
copying src/runspecimen/dashboard.py -> runspecimen-0.2.0rc15/src/runspecimen
copying src/runspecimen/decisions.py -> runspecimen-0.2.0rc15/src/runspecimen
copying src/runspecimen/demo.py -> runspecimen-0.2.0rc15/src/runspecimen
copying src/runspecimen/digest.py -> runspecimen-0.2.0rc15/src/runspecimen
copying src/runspecimen/errors.py -> runspecimen-0.2.0rc15/src/runspecimen
copying src/runspecimen/evalsuite.py -> runspecimen-0.2.0rc15/src/runspecimen
copying src/runspecimen/events.py -> runspecimen-0.2.0rc15/src/runspecimen
copying src/runspecimen/execution_holder.py -> runspecimen-0.2.0rc15/src/runspecimen
copying src/runspecimen/fastpath.py -> runspecimen-0.2.0rc15/src/runspecimen
copying src/runspecimen/freshness.py -> runspecimen-0.2.0rc15/src/runspecimen
copying src/runspecimen/hashutil.py -> runspecimen-0.2.0rc15/src/runspecimen
copying src/runspecimen/holder_adapter.py -> runspecimen-0.2.0rc15/src/runspecimen
copying src/runspecimen/holder_asymmetric.py -> runspecimen-0.2.0rc15/src/runspecimen
copying src/runspecimen/holder_daemon.py -> runspecimen-0.2.0rc15/src/runspecimen
copying src/runspecimen/holder_drop_exec.py -> runspecimen-0.2.0rc15/src/runspecimen
copying src/runspecimen/holder_entry.py -> runspecimen-0.2.0rc15/src/runspecimen
copying src/runspecimen/holder_io.py -> runspecimen-0.2.0rc15/src/runspecimen
copying src/runspecimen/holder_protocol.py -> runspecimen-0.2.0rc15/src/runspecimen
copying src/runspecimen/holder_runtime.py -> runspecimen-0.2.0rc15/src/runspecimen
copying src/runspecimen/holder_supervise_exec.py -> runspecimen-0.2.0rc15/src/runspecimen
copying src/runspecimen/isolation.py -> runspecimen-0.2.0rc15/src/runspecimen
copying src/runspecimen/lease.py -> runspecimen-0.2.0rc15/src/runspecimen
copying src/runspecimen/native_p256_verify.swift -> runspecimen-0.2.0rc15/src/runspecimen
copying src/runspecimen/paths.py -> runspecimen-0.2.0rc15/src/runspecimen
copying src/runspecimen/policy.py -> runspecimen-0.2.0rc15/src/runspecimen
copying src/runspecimen/postflight.py -> runspecimen-0.2.0rc15/src/runspecimen
copying src/runspecimen/preflight.py -> runspecimen-0.2.0rc15/src/runspecimen
copying src/runspecimen/pubkey.py -> runspecimen-0.2.0rc15/src/runspecimen
copying src/runspecimen/py.typed -> runspecimen-0.2.0rc15/src/runspecimen
copying src/runspecimen/recovery.py -> runspecimen-0.2.0rc15/src/runspecimen
copying src/runspecimen/remote_confirm.py -> runspecimen-0.2.0rc15/src/runspecimen
copying src/runspecimen/requirements.py -> runspecimen-0.2.0rc15/src/runspecimen
copying src/runspecimen/run.py -> runspecimen-0.2.0rc15/src/runspecimen
copying src/runspecimen/runtime.py -> runspecimen-0.2.0rc15/src/runspecimen
copying src/runspecimen/scenes.py -> runspecimen-0.2.0rc15/src/runspecimen
copying src/runspecimen/schema.py -> runspecimen-0.2.0rc15/src/runspecimen
copying src/runspecimen/signing.py -> runspecimen-0.2.0rc15/src/runspecimen
copying src/runspecimen/snapshot.py -> runspecimen-0.2.0rc15/src/runspecimen
copying src/runspecimen/state.py -> runspecimen-0.2.0rc15/src/runspecimen
copying src/runspecimen/status.py -> runspecimen-0.2.0rc15/src/runspecimen
copying src/runspecimen/usage.py -> runspecimen-0.2.0rc15/src/runspecimen
copying src/runspecimen.egg-info/PKG-INFO -> runspecimen-0.2.0rc15/src/runspecimen.egg-info
copying src/runspecimen.egg-info/SOURCES.txt -> runspecimen-0.2.0rc15/src/runspecimen.egg-info
copying src/runspecimen.egg-info/dependency_links.txt -> runspecimen-0.2.0rc15/src/runspecimen.egg-info
copying src/runspecimen.egg-info/entry_points.txt -> runspecimen-0.2.0rc15/src/runspecimen.egg-info
copying src/runspecimen.egg-info/requires.txt -> runspecimen-0.2.0rc15/src/runspecimen.egg-info
copying src/runspecimen.egg-info/top_level.txt -> runspecimen-0.2.0rc15/src/runspecimen.egg-info
copying tests/__init__.py -> runspecimen-0.2.0rc15/tests
copying tests/helpers.py -> runspecimen-0.2.0rc15/tests
copying tests/launch_fault_harness.py -> runspecimen-0.2.0rc15/tests
copying tests/test_adversarial.py -> runspecimen-0.2.0rc15/tests
copying tests/test_approval_paths.py -> runspecimen-0.2.0rc15/tests
copying tests/test_bundle.py -> runspecimen-0.2.0rc15/tests
copying tests/test_bwrap_linux.py -> runspecimen-0.2.0rc15/tests
copying tests/test_cli_signing.py -> runspecimen-0.2.0rc15/tests
copying tests/test_companion.py -> runspecimen-0.2.0rc15/tests
copying tests/test_companion_tls_attention.py -> runspecimen-0.2.0rc15/tests
copying tests/test_contract_parser_adversarial.py -> runspecimen-0.2.0rc15/tests
copying tests/test_core_hardening.py -> runspecimen-0.2.0rc15/tests
copying tests/test_dashboard.py -> runspecimen-0.2.0rc15/tests
copying tests/test_demo_cli.py -> runspecimen-0.2.0rc15/tests
copying tests/test_digest.py -> runspecimen-0.2.0rc15/tests
copying tests/test_ed25519.py -> runspecimen-0.2.0rc15/tests
copying tests/test_evidence_expansion.py -> runspecimen-0.2.0rc15/tests
copying tests/test_execution_holder.py -> runspecimen-0.2.0rc15/tests
copying tests/test_fastpath.py -> runspecimen-0.2.0rc15/tests
copying tests/test_freshness_show.py -> runspecimen-0.2.0rc15/tests
copying tests/test_fuzz_contracts.py -> runspecimen-0.2.0rc15/tests
copying tests/test_hash_status.py -> runspecimen-0.2.0rc15/tests
copying tests/test_holder_daemon_accept.py -> runspecimen-0.2.0rc15/tests
copying tests/test_holder_protocol.py -> runspecimen-0.2.0rc15/tests
copying tests/test_holder_runtime_trust.py -> runspecimen-0.2.0rc15/tests
copying tests/test_holder_socket_isolation.py -> runspecimen-0.2.0rc15/tests
copying tests/test_isolation_identity.py -> runspecimen-0.2.0rc15/tests
copying tests/test_launch_faults.py -> runspecimen-0.2.0rc15/tests
copying tests/test_lease.py -> runspecimen-0.2.0rc15/tests
copying tests/test_local_approver.py -> runspecimen-0.2.0rc15/tests
copying tests/test_nm_symbol_gate.py -> runspecimen-0.2.0rc15/tests
copying tests/test_p1_evidence_blockers.py -> runspecimen-0.2.0rc15/tests
copying tests/test_p2_p3_qa_fixes.py -> runspecimen-0.2.0rc15/tests
copying tests/test_phases.py -> runspecimen-0.2.0rc15/tests
copying tests/test_plugins.py -> runspecimen-0.2.0rc15/tests
copying tests/test_predecessor_postflight.py -> runspecimen-0.2.0rc15/tests
copying tests/test_recovery.py -> runspecimen-0.2.0rc15/tests
copying tests/test_rejected_runtime_symbols.py -> runspecimen-0.2.0rc15/tests
copying tests/test_release_archive_reproducibility.py -> runspecimen-0.2.0rc15/tests
copying tests/test_release_source_prelude.py -> runspecimen-0.2.0rc15/tests
copying tests/test_remote_confirm.py -> runspecimen-0.2.0rc15/tests
copying tests/test_runtime_identity_cli 2.py -> runspecimen-0.2.0rc15/tests
copying tests/test_runtime_identity_cli.py -> runspecimen-0.2.0rc15/tests
copying tests/test_runtime_provenance.py -> runspecimen-0.2.0rc15/tests
copying tests/test_schema_compat.py -> runspecimen-0.2.0rc15/tests
copying tests/test_signing.py -> runspecimen-0.2.0rc15/tests
copying tests/test_tamper.py -> runspecimen-0.2.0rc15/tests
copying tests/test_timeout_run.py -> runspecimen-0.2.0rc15/tests
copying tests/test_verify_release_assets.py -> runspecimen-0.2.0rc15/tests
copying work/compute.py -> runspecimen-0.2.0rc15/work
Writing runspecimen-0.2.0rc15/setup.cfg
Creating tar archive
removing 'runspecimen-0.2.0rc15' (and everything under it)
+ /private/tmp/rs-py312-rel-holder/bin/python -m pip wheel --no-index --no-deps --no-build-isolation --wheel-dir /var/folders/nb/gwgrnsjx7d5ftv5rz0nz1vkh0000gn/T/runspecimen-archive-ego8cyk9/artifacts /var/folders/nb/gwgrnsjx7d5ftv5rz0nz1vkh0000gn/T/runspecimen-archive-ego8cyk9/extracted/runspecimen-0.2.0rc15
Processing /var/folders/nb/gwgrnsjx7d5ftv5rz0nz1vkh0000gn/T/runspecimen-archive-ego8cyk9/extracted/runspecimen-0.2.0rc15
  Preparing metadata (pyproject.toml): started
  Preparing metadata (pyproject.toml): finished with status 'done'
Building wheels for collected packages: runspecimen
  Building wheel for runspecimen (pyproject.toml): started
  Building wheel for runspecimen (pyproject.toml): finished with status 'done'
  Created wheel for runspecimen: filename=runspecimen-0.2.0rc15-py3-none-any.whl size=219056 sha256=46fa02e8579b0e1c42e4713b5a32d26e921eca155488db4706776b2e286f9bf1
  Stored in directory: /private/var/folders/nb/gwgrnsjx7d5ftv5rz0nz1vkh0000gn/T/pip-ephem-wheel-cache-hx_f7t1e/wheels/b0/0e/7b/c04009cc5479716ffee6f69441228066c31ff71c33529339f9
Successfully built runspecimen
ok
test_a_commit_during_freeze_is_refused_before_project_generation (test_release_source_prelude.ReleaseSourcePreludeTests.test_a_commit_during_freeze_is_refused_before_project_generation) ... ok
test_development_freeze_still_runs_on_a_dirty_tree (test_release_source_prelude.ReleaseSourcePreludeTests.test_development_freeze_still_runs_on_a_dirty_tree) ... ok
test_direct_prelude_without_rs_repo_uses_repository_root (test_release_source_prelude.ReleaseSourcePreludeTests.test_direct_prelude_without_rs_repo_uses_repository_root) ... ok
test_dirty_source_is_refused_before_freeze (test_release_source_prelude.ReleaseSourcePreludeTests.test_dirty_source_is_refused_before_freeze) ... ok
test_prelude_started_from_macos_directory_without_rs_repo (test_release_source_prelude.ReleaseSourcePreludeTests.test_prelude_started_from_macos_directory_without_rs_repo) ... ok
test_production_archive_reentry_unsets_rs_repo (test_release_source_prelude.ReleaseSourcePreludeTests.test_production_archive_reentry_unsets_rs_repo)
The release path re-execs archive_mas.sh with RS_REPO removed. ... ok
test_release_freeze_runs_in_an_isolated_candidate (test_release_source_prelude.ReleaseSourcePreludeTests.test_release_freeze_runs_in_an_isolated_candidate) ... ok
test_release_gate_refuses_build_app_before_compilation (test_release_source_prelude.ReleaseSourcePreludeTests.test_release_gate_refuses_build_app_before_compilation) ... ok
test_wrong_expected_commit_is_refused_before_freeze (test_release_source_prelude.ReleaseSourcePreludeTests.test_wrong_expected_commit_is_refused_before_freeze) ... ok
test_arm_and_settle_happy_path (test_remote_confirm.TestRemoteConfirm.test_arm_and_settle_happy_path) ... ok
test_capabilities_keep_can_approve_false (test_remote_confirm.TestRemoteConfirm.test_capabilities_keep_can_approve_false) ... ok
test_companion_http_happy_and_fail_closed (test_remote_confirm.TestRemoteConfirm.test_companion_http_happy_and_fail_closed) ... ok
test_companion_http_refuse_and_status_chips (test_remote_confirm.TestRemoteConfirm.test_companion_http_refuse_and_status_chips) ... ok
test_quiet_hours_block_arm_never_auto_approve (test_remote_confirm.TestRemoteConfirm.test_quiet_hours_block_arm_never_auto_approve) ... ok
test_refuse_consumes_pending_without_approval (test_remote_confirm.TestRemoteConfirm.test_refuse_consumes_pending_without_approval) ... ok
test_refuse_wrong_challenge_keeps_pending (test_remote_confirm.TestRemoteConfirm.test_refuse_wrong_challenge_keeps_pending) ... ok
test_remote_confirm_path_allowed_approve_path_forbidden (test_remote_confirm.TestRemoteConfirm.test_remote_confirm_path_allowed_approve_path_forbidden) ... ok
test_reuse_refuses (test_remote_confirm.TestRemoteConfirm.test_reuse_refuses) ... ok
test_verify_surfaces_remote_confirm_channel (test_remote_confirm.TestRemoteConfirm.test_verify_surfaces_remote_confirm_channel) ... ok
test_wrong_challenge_refuses (test_remote_confirm.TestRemoteConfirm.test_wrong_challenge_refuses) ... ok
test_a_label_is_not_a_git_commit (test_runtime_identity_cli.RuntimeIdentityCLITests.test_a_label_is_not_a_git_commit) ... ok
test_a_second_record_does_not_replace_an_existing_identity (test_runtime_identity_cli.RuntimeIdentityCLITests.test_a_second_record_does_not_replace_an_existing_identity) ... ok
test_a_source_change_during_the_build_fails_the_release_gate (test_runtime_identity_cli.RuntimeIdentityCLITests.test_a_source_change_during_the_build_fails_the_release_gate) ... ok
test_a_symlink_that_leaves_the_root_is_not_recorded (test_runtime_identity_cli.RuntimeIdentityCLITests.test_a_symlink_that_leaves_the_root_is_not_recorded) ... ok
test_deprecated_expect_commit_alias_warns_once (test_runtime_identity_cli.RuntimeIdentityCLITests.test_deprecated_expect_commit_alias_warns_once) ... ok
test_dirty_bytes_are_an_integrity_record_until_the_release_gate (test_runtime_identity_cli.RuntimeIdentityCLITests.test_dirty_bytes_are_an_integrity_record_until_the_release_gate) ... ok
test_frozen_helper_identity_does_not_satisfy_the_signed_archive (test_runtime_identity_cli.RuntimeIdentityCLITests.test_frozen_helper_identity_does_not_satisfy_the_signed_archive) ... ok
test_release_gate_rejects_the_wrong_expected_commit (test_runtime_identity_cli.RuntimeIdentityCLITests.test_release_gate_rejects_the_wrong_expected_commit) ... ok
test_signing_records_new_bytes_and_a_later_change_fails (test_runtime_identity_cli.RuntimeIdentityCLITests.test_signing_records_new_bytes_and_a_later_change_fails) ... ok
test_verify_without_a_manifest_fails_closed (test_runtime_identity_cli.RuntimeIdentityCLITests.test_verify_without_a_manifest_fails_closed) ... ok
test_capture_is_sorted (test_runtime_provenance.TestEnvAllowlist.test_capture_is_sorted) ... ok
test_capture_set_variables (test_runtime_provenance.TestEnvAllowlist.test_capture_set_variables) ... ok
test_capture_unset_variables_as_none (test_runtime_provenance.TestEnvAllowlist.test_capture_unset_variables_as_none) ... ok
test_hash_env_changes_with_value (test_runtime_provenance.TestEnvAllowlist.test_hash_env_changes_with_value) ... ok
test_hash_env_is_deterministic (test_runtime_provenance.TestEnvAllowlist.test_hash_env_is_deterministic) ... ok
test_sentinel_absent_from_all_artifacts_after_full_lifecycle (test_runtime_provenance.TestEnvSecretFullLifecycle.test_sentinel_absent_from_all_artifacts_after_full_lifecycle)
After full lifecycle, sentinel secret must not appear in any artifact. ... ok
test_sentinel_secret_absent_from_provenance (test_runtime_provenance.TestEnvValueSecurity.test_sentinel_secret_absent_from_provenance)
A sentinel secret should NOT appear in runtime provenance. ... ok
test_detect_direct_path_shebang (test_runtime_provenance.TestInterpreterDetection.test_detect_direct_path_shebang) ... ok
test_detect_env_style_shebang (test_runtime_provenance.TestInterpreterDetection.test_detect_env_style_shebang) ... ok
test_detect_no_shebang_returns_none (test_runtime_provenance.TestInterpreterDetection.test_detect_no_shebang_returns_none) ... ok
test_detect_shebang_with_args (test_runtime_provenance.TestInterpreterDetection.test_detect_shebang_with_args)
Shebang args should be captured. ... ok
test_configured_interpreter_is_invoked (test_runtime_provenance.TestInterpreterLaunchVerification.test_configured_interpreter_is_invoked)
A configured interpreter must be the actual launch vector. ... ok
test_missing_interpreter_fails_closed (test_runtime_provenance.TestInterpreterLaunchVerification.test_missing_interpreter_fails_closed)
A configured interpreter that doesn't exist must fail approval. ... ok
test_non_executable_interpreter_fails_closed (test_runtime_provenance.TestInterpreterLaunchVerification.test_non_executable_interpreter_fails_closed)
A configured interpreter without execute permission must fail. ... ok
test_capture_libs_does_not_execute_workspace_binary (test_runtime_provenance.TestLddTrustSecurity.test_capture_libs_does_not_execute_workspace_binary)
capture_libs must not invoke ldd on workspace/configured untrusted executables. ... skipped 'ldd trust test only applicable on Linux'
test_system_interpreter_is_trusted_for_capture_libs (test_runtime_provenance.TestLddTrustSecurity.test_system_interpreter_is_trusted_for_capture_libs)
System interpreters in /usr, /bin, /opt are trusted for ldd. ... skipped 'ldd trust test only applicable on Linux'
test_provenance_changes_with_env_change (test_runtime_provenance.TestRuntimeProvenance.test_provenance_changes_with_env_change) ... ok
test_provenance_includes_basic_fields (test_runtime_provenance.TestRuntimeProvenance.test_provenance_includes_basic_fields) ... ok
test_provenance_includes_env_hash (test_runtime_provenance.TestRuntimeProvenance.test_provenance_includes_env_hash)
Environment variables should be recorded as hash only, not raw values. ... ok
test_provenance_with_explicit_interpreter (test_runtime_provenance.TestRuntimeProvenance.test_provenance_with_explicit_interpreter) ... ok
test_contract_with_capture_libs (test_runtime_provenance.TestRuntimeSpecParsing.test_contract_with_capture_libs) ... ok
test_contract_with_env_allowlist (test_runtime_provenance.TestRuntimeSpecParsing.test_contract_with_env_allowlist) ... ok
test_contract_with_interpreter (test_runtime_provenance.TestRuntimeSpecParsing.test_contract_with_interpreter) ... ok
test_contract_without_runtime_spec (test_runtime_provenance.TestRuntimeSpecParsing.test_contract_without_runtime_spec) ... ok
test_showcase_certificate_is_legacy_v1_and_self_consistent (test_schema_compat.TestGoldenLegacyReceipt.test_showcase_certificate_is_legacy_v1_and_self_consistent) ... ok
test_absent_schema_version_is_legacy_v1 (test_schema_compat.TestSchemaVersions.test_absent_schema_version_is_legacy_v1) ... ok
test_new_certificate_emits_schema_version_bound_into_id (test_schema_compat.TestSchemaVersions.test_new_certificate_emits_schema_version_bound_into_id) ... ok
test_non_integer_receipt_schema_fails_closed (test_schema_compat.TestSchemaVersions.test_non_integer_receipt_schema_fails_closed) ... ok
test_parse_rejects_unknown_contract_version (test_schema_compat.TestSchemaVersions.test_parse_rejects_unknown_contract_version) ... ok
test_unknown_contract_version_fails_closed (test_schema_compat.TestSchemaVersions.test_unknown_contract_version_fails_closed) ... ok
test_unknown_receipt_schema_fails_closed (test_schema_compat.TestSchemaVersions.test_unknown_receipt_schema_fails_closed) ... ok
test_sign_certificate_always_rejects_arbitrary_json (test_signing.TestCertificateSigning.test_sign_certificate_always_rejects_arbitrary_json)
sign_certificate ALWAYS rejects arbitrary JSON - no bypass. ... ok
test_sign_certificate_creates_valid_signature (test_signing.TestCertificateSigning.test_sign_certificate_creates_valid_signature) ... ok
test_sign_certificate_rejects_invalid_schema (test_signing.TestCertificateSigning.test_sign_certificate_rejects_invalid_schema)
Signing rejects invalid certificates (missing required fields). ... ok
test_sign_certificate_rejects_tampered_id (test_signing.TestCertificateSigning.test_sign_certificate_rejects_tampered_id)
Signing rejects certificate with tampered certificate_id. ... ok
test_verify_signature_always_validates_schema (test_signing.TestCertificateSigning.test_verify_signature_always_validates_schema)
verify_signature ALWAYS validates schema - no bypass. ... ok
test_verify_signature_fails_for_tampered_cert (test_signing.TestCertificateSigning.test_verify_signature_fails_for_tampered_cert) ... ok
test_verify_signature_fails_for_wrong_key (test_signing.TestCertificateSigning.test_verify_signature_fails_for_wrong_key) ... ok
test_verify_signature_succeeds_for_valid (test_signing.TestCertificateSigning.test_verify_signature_succeeds_for_valid) ... ok
test_sign_certificate_file (test_signing.TestFileOperations.test_sign_certificate_file) ... ok
test_sign_certificate_file_custom_output (test_signing.TestFileOperations.test_sign_certificate_file_custom_output) ... ok
test_sign_certificate_file_rejects_invalid (test_signing.TestFileOperations.test_sign_certificate_file_rejects_invalid)
sign_certificate_file ALWAYS rejects invalid certificates. ... ok
test_verify_missing_file_fails (test_signing.TestFileOperations.test_verify_missing_file_fails) ... ok
test_verify_signed_file_detects_tampering (test_signing.TestFileOperations.test_verify_signed_file_detects_tampering) ... ok
test_dot_traversal_rejected (test_signing.TestKeyIdValidation.test_dot_traversal_rejected)
Dot traversal in key ID should be rejected. ... ok
test_empty_key_id_rejected (test_signing.TestKeyIdValidation.test_empty_key_id_rejected)
Empty key ID should be rejected. ... ok
test_generate_rejects_invalid_custom_id (test_signing.TestKeyIdValidation.test_generate_rejects_invalid_custom_id)
SigningKey.generate should reject invalid custom key IDs. ... ok
test_leading_dot_rejected (test_signing.TestKeyIdValidation.test_leading_dot_rejected)
Leading dot in key ID should be rejected. ... ok
test_path_separator_rejected (test_signing.TestKeyIdValidation.test_path_separator_rejected)
Path separators in key ID should be rejected. ... ok
test_special_chars_rejected (test_signing.TestKeyIdValidation.test_special_chars_rejected)
Special characters should be rejected. ... ok
test_too_long_key_id_rejected (test_signing.TestKeyIdValidation.test_too_long_key_id_rejected)
Key ID longer than 64 chars should be rejected. ... ok
test_valid_key_ids (test_signing.TestKeyIdValidation.test_valid_key_ids)
Valid key IDs should pass validation. ... ok
test_list_keys (test_signing.TestKeyStorage.test_list_keys) ... ok
test_load_missing_key_fails (test_signing.TestKeyStorage.test_load_missing_key_fails) ... ok
test_save_and_load_key (test_signing.TestKeyStorage.test_save_and_load_key) ... ok
test_concurrent_key_creation_race_safe (test_signing.TestKeyStorageHardening.test_concurrent_key_creation_race_safe)
Concurrent key creation with same ID should not corrupt or overwrite. ... ok
test_list_keys_filters_invalid_ids (test_signing.TestKeyStorageHardening.test_list_keys_filters_invalid_ids)
list_signing_keys should only return valid key IDs. ... ok
test_overwrite_protection (test_signing.TestKeyStorageHardening.test_overwrite_protection)
Saving a key with an existing ID should fail without explicit flag. ... ok
test_path_traversal_attack_blocked_on_load (test_signing.TestKeyStorageHardening.test_path_traversal_attack_blocked_on_load)
Loading a key with path traversal in ID should be blocked. ... ok
test_path_traversal_attack_blocked_on_save (test_signing.TestKeyStorageHardening.test_path_traversal_attack_blocked_on_save)
Saving a key with path traversal in ID should be blocked. ... ok
test_symlink_control_plane_escape_blocked (test_signing.TestKeyStorageHardening.test_symlink_control_plane_escape_blocked)
A symlinked .runspecimen pointing outside workspace must be rejected. ... ok
test_symlink_control_plane_inside_workspace_blocked (test_signing.TestKeyStorageHardening.test_symlink_control_plane_inside_workspace_blocked)
A symlinked .runspecimen pointing INSIDE workspace must also be rejected. ... ok
test_symlink_keys_dir_escape_blocked (test_signing.TestKeyStorageHardening.test_symlink_keys_dir_escape_blocked)
A symlinked keys directory pointing outside workspace must be rejected. ... ok
test_symlink_keys_dir_inside_workspace_blocked (test_signing.TestKeyStorageHardening.test_symlink_keys_dir_inside_workspace_blocked)
A symlinked keys directory pointing INSIDE workspace must also be rejected. ... ok
test_from_dict_rejects_invalid_format (test_signing.TestSignedCertificate.test_from_dict_rejects_invalid_format) ... ok
test_to_dict_and_from_dict_roundtrip (test_signing.TestSignedCertificate.test_to_dict_and_from_dict_roundtrip) ... ok
test_from_hex_creates_key (test_signing.TestSigningKey.test_from_hex_creates_key) ... ok
test_from_hex_rejects_invalid_hex (test_signing.TestSigningKey.test_from_hex_rejects_invalid_hex) ... ok
test_from_hex_rejects_invalid_length (test_signing.TestSigningKey.test_from_hex_rejects_invalid_length) ... ok
test_generate_creates_valid_key (test_signing.TestSigningKey.test_generate_creates_valid_key) ... ok
test_generate_with_custom_id (test_signing.TestSigningKey.test_generate_with_custom_id) ... ok
test_sign_and_verify_roundtrip (test_signing.TestSigningKey.test_sign_and_verify_roundtrip) ... ok
test_verify_fails_for_invalid_signature (test_signing.TestSigningKey.test_verify_fails_for_invalid_signature) ... ok
test_verify_fails_for_wrong_data (test_signing.TestSigningKey.test_verify_fails_for_wrong_data) ... ok
test_verify_fails_for_wrong_key (test_signing.TestSigningKey.test_verify_fails_for_wrong_key) ... ok
test_certificate_body_tamper_detected (test_tamper.TestTamper.test_certificate_body_tamper_detected) ... ok
test_event_log_tamper_detected (test_tamper.TestTamper.test_event_log_tamper_detected) ... ok
test_verify_ok_after_clean_run (test_tamper.TestTamper.test_verify_ok_after_clean_run) ... ok
test_descendant_held_pipes_do_not_delay_completion (test_timeout_run.TestHappyRun.test_descendant_held_pipes_do_not_delay_completion) ... ok
test_interrupt_kills_child_and_preserves_failed_state_and_capture (test_timeout_run.TestHappyRun.test_interrupt_kills_child_and_preserves_failed_state_and_capture) ... ok
test_large_stdout_and_stderr_are_drained_to_independent_caps (test_timeout_run.TestHappyRun.test_large_stdout_and_stderr_are_drained_to_independent_caps) ... ok
test_run_records_completion_and_captures (test_timeout_run.TestHappyRun.test_run_records_completion_and_captures) ... ok
test_detached_process_cannot_hold_capture_open_past_timeout (test_timeout_run.TestTimeout.test_detached_process_cannot_hold_capture_open_past_timeout) ... ok
test_timeout_kills_process_group_and_records_failure (test_timeout_run.TestTimeout.test_timeout_kills_process_group_and_records_failure) ... ok
test_rc_and_final_tags (test_verify_release_assets.Pep440TagTests.test_rc_and_final_tags) ... ok
test_matching_digests (test_verify_release_assets.VerifyReleaseAssetsTests.test_matching_digests) ... ok
test_tampered_wheel_fails (test_verify_release_assets.VerifyReleaseAssetsTests.test_tampered_wheel_fails) ... verify_release_assets failed:
- digest mismatch for runspecimen-0.2.0rc15-py3-none-any.whl: got 770e607624d689265ca6c44884d0807d9b054d23c473c106c72be9de08b7376c, expected d9298a10d1b0735837dc4bd85dac641b0f3cef27a47e5d53a54f2f3f5b2fcffa
ok

----------------------------------------------------------------------
Ran 535 tests in 32.410s

OK (skipped=35)
reproducible sdist bdc95269e33cce330ca7da4a026be5dd11c61b2f80bb48e641fd590a5e9eda65
reproducible wheel 46fa02e8579b0e1c42e4713b5a32d26e921eca155488db4706776b2e286f9bf1
OK: version=0.2.0rc15 tag=v0.2.0-rc.15 digests=3 under /private/var/folders/nb/gwgrnsjx7d5ftv5rz0nz1vkh0000gn/T/tmp1n391dmy
PROVENANCE: checksum-only (no SLSA attestations required for this candidate)
+ /private/tmp/rs-py312-rel-holder/bin/python -m compileall -q src scripts
+ /private/tmp/rs-py312-rel-holder/bin/python -c from setuptools.build_meta import build_sdist; build_sdist('/var/folders/nb/gwgrnsjx7d5ftv5rz0nz1vkh0000gn/T/runspecimen-release-9ae8zryv/artifacts')
/private/tmp/rs-py312-rel-holder/lib/python3.12/site-packages/setuptools/config/_apply_pyprojecttoml.py:82: SetuptoolsDeprecationWarning: `project.license` as a TOML table is deprecated
!!

        ********************************************************************************
        Please use a simple string containing a SPDX expression for `project.license`. You can also use `project.license-files`. (Both options available on setuptools>=77.0.0).

        By 2027-Feb-18, you need to update your project and remove deprecated calls
        or your builds will no longer be supported.

        See https://packaging.python.org/en/latest/guides/writing-pyproject-toml/#license for details.
        ********************************************************************************

!!
  corresp(dist, value, root_dir)
running sdist
running egg_info
creating src/runspecimen.egg-info
writing src/runspecimen.egg-info/PKG-INFO
writing dependency_links to src/runspecimen.egg-info/dependency_links.txt
writing entry points to src/runspecimen.egg-info/entry_points.txt
writing requirements to src/runspecimen.egg-info/requires.txt
writing top-level names to src/runspecimen.egg-info/top_level.txt
writing manifest file 'src/runspecimen.egg-info/SOURCES.txt'
reading manifest file 'src/runspecimen.egg-info/SOURCES.txt'
reading manifest template 'MANIFEST.in'
no previously-included directories found matching 'examples/showcase/.runspecimen'
warning: no previously-included files matching '__pycache__' found anywhere in distribution
warning: no previously-included files matching '*.py[cod]' found anywhere in distribution
warning: no previously-included files matching '.DS_Store' found anywhere in distribution
adding license file 'LICENSE'
writing manifest file 'src/runspecimen.egg-info/SOURCES.txt'
running check
creating runspecimen-0.2.0rc15
creating runspecimen-0.2.0rc15/.agents/plugins
creating runspecimen-0.2.0rc15/.claude-plugin
creating runspecimen-0.2.0rc15/.cursor-plugin
creating runspecimen-0.2.0rc15/.cursor/rules
creating runspecimen-0.2.0rc15/.junie-extension
creating runspecimen-0.2.0rc15/docs
creating runspecimen-0.2.0rc15/examples
creating runspecimen-0.2.0rc15/examples/campaigns/adversarial-first-run
creating runspecimen-0.2.0rc15/examples/campaigns/adversarial-first-run/work
creating runspecimen-0.2.0rc15/examples/showcase
creating runspecimen-0.2.0rc15/examples/showcase/work
creating runspecimen-0.2.0rc15/examples/templates
creating runspecimen-0.2.0rc15/examples/templates/ml-eval
creating runspecimen-0.2.0rc15/examples/templates/research
creating runspecimen-0.2.0rc15/examples/templates/security
creating runspecimen-0.2.0rc15/examples/templates/shared-policy
creating runspecimen-0.2.0rc15/examples/templates/task-manifest
creating runspecimen-0.2.0rc15/packaging/homebrew
creating runspecimen-0.2.0rc15/plugins/runspecimen
creating runspecimen-0.2.0rc15/plugins/runspecimen/.claude-plugin
creating runspecimen-0.2.0rc15/plugins/runspecimen/.codex-plugin
creating runspecimen-0.2.0rc15/plugins/runspecimen/.cursor-plugin
creating runspecimen-0.2.0rc15/plugins/runspecimen/antigravity
creating runspecimen-0.2.0rc15/plugins/runspecimen/antigravity/rules
creating runspecimen-0.2.0rc15/plugins/runspecimen/antigravity/scripts
creating runspecimen-0.2.0rc15/plugins/runspecimen/antigravity/skills/runspecimen
creating runspecimen-0.2.0rc15/plugins/runspecimen/assets
creating runspecimen-0.2.0rc15/plugins/runspecimen/commands
creating runspecimen-0.2.0rc15/plugins/runspecimen/gemini
creating runspecimen-0.2.0rc15/plugins/runspecimen/grok
creating runspecimen-0.2.0rc15/plugins/runspecimen/guidelines
creating runspecimen-0.2.0rc15/plugins/runspecimen/hooks
creating runspecimen-0.2.0rc15/plugins/runspecimen/jetbrains
creating runspecimen-0.2.0rc15/plugins/runspecimen/jetbrains/guidelines
creating runspecimen-0.2.0rc15/plugins/runspecimen/jetbrains/intellij-plugin
creating runspecimen-0.2.0rc15/plugins/runspecimen/jetbrains/intellij-plugin/src/main/kotlin/com/runspecimen/intellij
creating runspecimen-0.2.0rc15/plugins/runspecimen/jetbrains/intellij-plugin/src/main/resources/META-INF
creating runspecimen-0.2.0rc15/plugins/runspecimen/jetbrains/scripts
creating runspecimen-0.2.0rc15/plugins/runspecimen/mcp
creating runspecimen-0.2.0rc15/plugins/runspecimen/muse
creating runspecimen-0.2.0rc15/plugins/runspecimen/muse/examples
creating runspecimen-0.2.0rc15/plugins/runspecimen/muse/skills/runspecimen
creating runspecimen-0.2.0rc15/plugins/runspecimen/rules
creating runspecimen-0.2.0rc15/plugins/runspecimen/scripts
creating runspecimen-0.2.0rc15/plugins/runspecimen/skills/runspecimen
creating runspecimen-0.2.0rc15/plugins/runspecimen/windsurf
creating runspecimen-0.2.0rc15/plugins/runspecimen/windsurf/rules
creating runspecimen-0.2.0rc15/plugins/runspecimen/windsurf/skills/runspecimen
creating runspecimen-0.2.0rc15/scripts
creating runspecimen-0.2.0rc15/src/runspecimen
creating runspecimen-0.2.0rc15/src/runspecimen.egg-info
creating runspecimen-0.2.0rc15/tests
creating runspecimen-0.2.0rc15/work
copying files to runspecimen-0.2.0rc15...
copying CHANGELOG.md -> runspecimen-0.2.0rc15
copying LICENSE -> runspecimen-0.2.0rc15
copying MANIFEST.in -> runspecimen-0.2.0rc15
copying README.md -> runspecimen-0.2.0rc15
copying SECURITY.md -> runspecimen-0.2.0rc15
copying pyproject.toml -> runspecimen-0.2.0rc15
copying .agents/plugins/marketplace.json -> runspecimen-0.2.0rc15/.agents/plugins
copying .claude-plugin/marketplace.json -> runspecimen-0.2.0rc15/.claude-plugin
copying .cursor-plugin/marketplace.json -> runspecimen-0.2.0rc15/.cursor-plugin
copying .cursor/rules/runspecimen.mdc -> runspecimen-0.2.0rc15/.cursor/rules
copying .junie-extension/marketplace.json -> runspecimen-0.2.0rc15/.junie-extension
copying docs/ABOUT.md -> runspecimen-0.2.0rc15/docs
copying docs/ED25519_RECEIPTS.md -> runspecimen-0.2.0rc15/docs
copying docs/FAQ.md -> runspecimen-0.2.0rc15/docs
copying docs/INTEGRATIONS.md -> runspecimen-0.2.0rc15/docs
copying docs/MARKET_AND_DISTRIBUTION.md -> runspecimen-0.2.0rc15/docs
copying docs/NEXT_CHANGES.md -> runspecimen-0.2.0rc15/docs
copying docs/PRODUCT_PLAN.md -> runspecimen-0.2.0rc15/docs
copying docs/RELEASE_CANDIDATE_REPORT.md -> runspecimen-0.2.0rc15/docs
copying docs/RELEASE_CHECKLIST.md -> runspecimen-0.2.0rc15/docs
copying docs/RELEASE_IDENTITY.md -> runspecimen-0.2.0rc15/docs
copying docs/ROADMAP_PHASED.md -> runspecimen-0.2.0rc15/docs
copying docs/SCHEMA_COMPATIBILITY.md -> runspecimen-0.2.0rc15/docs
copying docs/SUBMISSION.md -> runspecimen-0.2.0rc15/docs
copying docs/THREAT_MODEL.md -> runspecimen-0.2.0rc15/docs
copying docs/USER_GUIDE.md -> runspecimen-0.2.0rc15/docs
copying examples/demo_contract.json -> runspecimen-0.2.0rc15/examples
copying examples/campaigns/adversarial-first-run/README.md -> runspecimen-0.2.0rc15/examples/campaigns/adversarial-first-run
copying examples/campaigns/adversarial-first-run/contract.json -> runspecimen-0.2.0rc15/examples/campaigns/adversarial-first-run
copying examples/campaigns/adversarial-first-run/work/job.py -> runspecimen-0.2.0rc15/examples/campaigns/adversarial-first-run/work
copying examples/showcase/README.md -> runspecimen-0.2.0rc15/examples/showcase
copying examples/showcase/contract.json -> runspecimen-0.2.0rc15/examples/showcase
copying examples/showcase/work/compute.py -> runspecimen-0.2.0rc15/examples/showcase/work
copying examples/templates/README.md -> runspecimen-0.2.0rc15/examples/templates
copying examples/templates/ml-eval/contract.json -> runspecimen-0.2.0rc15/examples/templates/ml-eval
copying examples/templates/research/contract.json -> runspecimen-0.2.0rc15/examples/templates/research
copying examples/templates/security/contract.json -> runspecimen-0.2.0rc15/examples/templates/security
copying examples/templates/shared-policy/policy.json -> runspecimen-0.2.0rc15/examples/templates/shared-policy
copying examples/templates/task-manifest/README.md -> runspecimen-0.2.0rc15/examples/templates/task-manifest
copying packaging/homebrew/README.md -> runspecimen-0.2.0rc15/packaging/homebrew
copying packaging/homebrew/runspecimen.rb -> runspecimen-0.2.0rc15/packaging/homebrew
copying plugins/runspecimen/.mcp.json -> runspecimen-0.2.0rc15/plugins/runspecimen
copying plugins/runspecimen/GEMINI.md -> runspecimen-0.2.0rc15/plugins/runspecimen
copying plugins/runspecimen/README.md -> runspecimen-0.2.0rc15/plugins/runspecimen
copying plugins/runspecimen/extension.json -> runspecimen-0.2.0rc15/plugins/runspecimen
copying plugins/runspecimen/gemini-extension.json -> runspecimen-0.2.0rc15/plugins/runspecimen
copying plugins/runspecimen/.claude-plugin/plugin.json -> runspecimen-0.2.0rc15/plugins/runspecimen/.claude-plugin
copying plugins/runspecimen/.codex-plugin/plugin.json -> runspecimen-0.2.0rc15/plugins/runspecimen/.codex-plugin
copying plugins/runspecimen/.cursor-plugin/plugin.json -> runspecimen-0.2.0rc15/plugins/runspecimen/.cursor-plugin
copying plugins/runspecimen/antigravity/README.md -> runspecimen-0.2.0rc15/plugins/runspecimen/antigravity
copying plugins/runspecimen/antigravity/hooks.json -> runspecimen-0.2.0rc15/plugins/runspecimen/antigravity
copying plugins/runspecimen/antigravity/mcp_config.json -> runspecimen-0.2.0rc15/plugins/runspecimen/antigravity
copying plugins/runspecimen/antigravity/plugin.json -> runspecimen-0.2.0rc15/plugins/runspecimen/antigravity
copying plugins/runspecimen/antigravity/rules/runspecimen.md -> runspecimen-0.2.0rc15/plugins/runspecimen/antigravity/rules
copying plugins/runspecimen/antigravity/scripts/block_approve_gate.py -> runspecimen-0.2.0rc15/plugins/runspecimen/antigravity/scripts
copying plugins/runspecimen/antigravity/scripts/runspecimen_mcp.py -> runspecimen-0.2.0rc15/plugins/runspecimen/antigravity/scripts
copying plugins/runspecimen/antigravity/skills/runspecimen/SKILL.md -> runspecimen-0.2.0rc15/plugins/runspecimen/antigravity/skills/runspecimen
copying plugins/runspecimen/assets/composer-icon.png -> runspecimen-0.2.0rc15/plugins/runspecimen/assets
copying plugins/runspecimen/assets/composer-icon.svg -> runspecimen-0.2.0rc15/plugins/runspecimen/assets
copying plugins/runspecimen/assets/logo.png -> runspecimen-0.2.0rc15/plugins/runspecimen/assets
copying plugins/runspecimen/assets/logo.svg -> runspecimen-0.2.0rc15/plugins/runspecimen/assets
copying plugins/runspecimen/commands/request-approval.md -> runspecimen-0.2.0rc15/plugins/runspecimen/commands
copying plugins/runspecimen/commands/request-approval.toml -> runspecimen-0.2.0rc15/plugins/runspecimen/commands
copying plugins/runspecimen/commands/status.md -> runspecimen-0.2.0rc15/plugins/runspecimen/commands
copying plugins/runspecimen/commands/status.toml -> runspecimen-0.2.0rc15/plugins/runspecimen/commands
copying plugins/runspecimen/commands/validate.md -> runspecimen-0.2.0rc15/plugins/runspecimen/commands
copying plugins/runspecimen/commands/validate.toml -> runspecimen-0.2.0rc15/plugins/runspecimen/commands
copying plugins/runspecimen/commands/verify.md -> runspecimen-0.2.0rc15/plugins/runspecimen/commands
copying plugins/runspecimen/commands/verify.toml -> runspecimen-0.2.0rc15/plugins/runspecimen/commands
copying plugins/runspecimen/gemini/README.md -> runspecimen-0.2.0rc15/plugins/runspecimen/gemini
copying plugins/runspecimen/grok/AGENTS.md -> runspecimen-0.2.0rc15/plugins/runspecimen/grok
copying plugins/runspecimen/grok/README.md -> runspecimen-0.2.0rc15/plugins/runspecimen/grok
copying plugins/runspecimen/guidelines/runspecimen.md -> runspecimen-0.2.0rc15/plugins/runspecimen/guidelines
copying plugins/runspecimen/hooks/claude-hooks.json -> runspecimen-0.2.0rc15/plugins/runspecimen/hooks
copying plugins/runspecimen/hooks/hooks.json -> runspecimen-0.2.0rc15/plugins/runspecimen/hooks
copying plugins/runspecimen/jetbrains/README.md -> runspecimen-0.2.0rc15/plugins/runspecimen/jetbrains
copying plugins/runspecimen/jetbrains/guidelines/runspecimen.md -> runspecimen-0.2.0rc15/plugins/runspecimen/jetbrains/guidelines
copying plugins/runspecimen/jetbrains/intellij-plugin/README.md -> runspecimen-0.2.0rc15/plugins/runspecimen/jetbrains/intellij-plugin
copying plugins/runspecimen/jetbrains/intellij-plugin/build.gradle.kts -> runspecimen-0.2.0rc15/plugins/runspecimen/jetbrains/intellij-plugin
copying plugins/runspecimen/jetbrains/intellij-plugin/settings.gradle.kts -> runspecimen-0.2.0rc15/plugins/runspecimen/jetbrains/intellij-plugin
copying plugins/runspecimen/jetbrains/intellij-plugin/src/main/kotlin/com/runspecimen/intellij/Actions.kt -> runspecimen-0.2.0rc15/plugins/runspecimen/jetbrains/intellij-plugin/src/main/kotlin/com/runspecimen/intellij
copying plugins/runspecimen/jetbrains/intellij-plugin/src/main/resources/META-INF/plugin.xml -> runspecimen-0.2.0rc15/plugins/runspecimen/jetbrains/intellij-plugin/src/main/resources/META-INF
copying plugins/runspecimen/jetbrains/scripts/ide_actions.py -> runspecimen-0.2.0rc15/plugins/runspecimen/jetbrains/scripts
copying plugins/runspecimen/mcp/.mcp.json -> runspecimen-0.2.0rc15/plugins/runspecimen/mcp
copying plugins/runspecimen/muse/README.md -> runspecimen-0.2.0rc15/plugins/runspecimen/muse
copying plugins/runspecimen/muse/examples/hooks.beta.json -> runspecimen-0.2.0rc15/plugins/runspecimen/muse/examples
copying plugins/runspecimen/muse/examples/mcp_settings.fragment.json -> runspecimen-0.2.0rc15/plugins/runspecimen/muse/examples
copying plugins/runspecimen/muse/skills/runspecimen/SKILL.md -> runspecimen-0.2.0rc15/plugins/runspecimen/muse/skills/runspecimen
copying plugins/runspecimen/rules/runspecimen.mdc -> runspecimen-0.2.0rc15/plugins/runspecimen/rules
copying plugins/runspecimen/scripts/block_approve_gate.py -> runspecimen-0.2.0rc15/plugins/runspecimen/scripts
copying plugins/runspecimen/scripts/runspecimen_adapter.py -> runspecimen-0.2.0rc15/plugins/runspecimen/scripts
copying plugins/runspecimen/scripts/runspecimen_mcp.py -> runspecimen-0.2.0rc15/plugins/runspecimen/scripts
copying plugins/runspecimen/skills/runspecimen/SKILL.md -> runspecimen-0.2.0rc15/plugins/runspecimen/skills/runspecimen
copying plugins/runspecimen/windsurf/README.md -> runspecimen-0.2.0rc15/plugins/runspecimen/windsurf
copying plugins/runspecimen/windsurf/rules/runspecimen.md -> runspecimen-0.2.0rc15/plugins/runspecimen/windsurf/rules
copying plugins/runspecimen/windsurf/skills/runspecimen/SKILL.md -> runspecimen-0.2.0rc15/plugins/runspecimen/windsurf/skills/runspecimen
copying scripts/bootstrap_dev.sh -> runspecimen-0.2.0rc15/scripts
copying scripts/demo_rc.sh -> runspecimen-0.2.0rc15/scripts
copying scripts/refresh_showcase.py -> runspecimen-0.2.0rc15/scripts
copying scripts/release_check.py -> runspecimen-0.2.0rc15/scripts
copying scripts/verify_release_assets.py -> runspecimen-0.2.0rc15/scripts
copying src/runspecimen/__init__.py -> runspecimen-0.2.0rc15/src/runspecimen
copying src/runspecimen/__main__.py -> runspecimen-0.2.0rc15/src/runspecimen
copying src/runspecimen/approve.py -> runspecimen-0.2.0rc15/src/runspecimen
copying src/runspecimen/artifact.py -> runspecimen-0.2.0rc15/src/runspecimen
copying src/runspecimen/atomic.py -> runspecimen-0.2.0rc15/src/runspecimen
copying src/runspecimen/bundle.py -> runspecimen-0.2.0rc15/src/runspecimen
copying src/runspecimen/certificate.py -> runspecimen-0.2.0rc15/src/runspecimen
copying src/runspecimen/cli.py -> runspecimen-0.2.0rc15/src/runspecimen
copying src/runspecimen/cli_expansion.py -> runspecimen-0.2.0rc15/src/runspecimen
copying src/runspecimen/companion.py -> runspecimen-0.2.0rc15/src/runspecimen
copying src/runspecimen/companion_attention.py -> runspecimen-0.2.0rc15/src/runspecimen
copying src/runspecimen/companion_tls.py -> runspecimen-0.2.0rc15/src/runspecimen
copying src/runspecimen/configsync.py -> runspecimen-0.2.0rc15/src/runspecimen
copying src/runspecimen/contract.py -> runspecimen-0.2.0rc15/src/runspecimen
copying src/runspecimen/coordination.py -> runspecimen-0.2.0rc15/src/runspecimen
copying src/runspecimen/dashboard.py -> runspecimen-0.2.0rc15/src/runspecimen
copying src/runspecimen/decisions.py -> runspecimen-0.2.0rc15/src/runspecimen
copying src/runspecimen/demo.py -> runspecimen-0.2.0rc15/src/runspecimen
copying src/runspecimen/digest.py -> runspecimen-0.2.0rc15/src/runspecimen
copying src/runspecimen/errors.py -> runspecimen-0.2.0rc15/src/runspecimen
copying src/runspecimen/evalsuite.py -> runspecimen-0.2.0rc15/src/runspecimen
copying src/runspecimen/events.py -> runspecimen-0.2.0rc15/src/runspecimen
copying src/runspecimen/execution_holder.py -> runspecimen-0.2.0rc15/src/runspecimen
copying src/runspecimen/fastpath.py -> runspecimen-0.2.0rc15/src/runspecimen
copying src/runspecimen/freshness.py -> runspecimen-0.2.0rc15/src/runspecimen
copying src/runspecimen/hashutil.py -> runspecimen-0.2.0rc15/src/runspecimen
copying src/runspecimen/holder_adapter.py -> runspecimen-0.2.0rc15/src/runspecimen
copying src/runspecimen/holder_asymmetric.py -> runspecimen-0.2.0rc15/src/runspecimen
copying src/runspecimen/holder_daemon.py -> runspecimen-0.2.0rc15/src/runspecimen
copying src/runspecimen/holder_drop_exec.py -> runspecimen-0.2.0rc15/src/runspecimen
copying src/runspecimen/holder_entry.py -> runspecimen-0.2.0rc15/src/runspecimen
copying src/runspecimen/holder_io.py -> runspecimen-0.2.0rc15/src/runspecimen
copying src/runspecimen/holder_protocol.py -> runspecimen-0.2.0rc15/src/runspecimen
copying src/runspecimen/holder_runtime.py -> runspecimen-0.2.0rc15/src/runspecimen
copying src/runspecimen/holder_supervise_exec.py -> runspecimen-0.2.0rc15/src/runspecimen
copying src/runspecimen/isolation.py -> runspecimen-0.2.0rc15/src/runspecimen
copying src/runspecimen/lease.py -> runspecimen-0.2.0rc15/src/runspecimen
copying src/runspecimen/native_p256_verify.swift -> runspecimen-0.2.0rc15/src/runspecimen
copying src/runspecimen/paths.py -> runspecimen-0.2.0rc15/src/runspecimen
copying src/runspecimen/policy.py -> runspecimen-0.2.0rc15/src/runspecimen
copying src/runspecimen/postflight.py -> runspecimen-0.2.0rc15/src/runspecimen
copying src/runspecimen/preflight.py -> runspecimen-0.2.0rc15/src/runspecimen
copying src/runspecimen/pubkey.py -> runspecimen-0.2.0rc15/src/runspecimen
copying src/runspecimen/py.typed -> runspecimen-0.2.0rc15/src/runspecimen
copying src/runspecimen/recovery.py -> runspecimen-0.2.0rc15/src/runspecimen
copying src/runspecimen/remote_confirm.py -> runspecimen-0.2.0rc15/src/runspecimen
copying src/runspecimen/requirements.py -> runspecimen-0.2.0rc15/src/runspecimen
copying src/runspecimen/run.py -> runspecimen-0.2.0rc15/src/runspecimen
copying src/runspecimen/runtime.py -> runspecimen-0.2.0rc15/src/runspecimen
copying src/runspecimen/scenes.py -> runspecimen-0.2.0rc15/src/runspecimen
copying src/runspecimen/schema.py -> runspecimen-0.2.0rc15/src/runspecimen
copying src/runspecimen/signing.py -> runspecimen-0.2.0rc15/src/runspecimen
copying src/runspecimen/snapshot.py -> runspecimen-0.2.0rc15/src/runspecimen
copying src/runspecimen/state.py -> runspecimen-0.2.0rc15/src/runspecimen
copying src/runspecimen/status.py -> runspecimen-0.2.0rc15/src/runspecimen
copying src/runspecimen/usage.py -> runspecimen-0.2.0rc15/src/runspecimen
copying src/runspecimen.egg-info/PKG-INFO -> runspecimen-0.2.0rc15/src/runspecimen.egg-info
copying src/runspecimen.egg-info/SOURCES.txt -> runspecimen-0.2.0rc15/src/runspecimen.egg-info
copying src/runspecimen.egg-info/dependency_links.txt -> runspecimen-0.2.0rc15/src/runspecimen.egg-info
copying src/runspecimen.egg-info/entry_points.txt -> runspecimen-0.2.0rc15/src/runspecimen.egg-info
copying src/runspecimen.egg-info/requires.txt -> runspecimen-0.2.0rc15/src/runspecimen.egg-info
copying src/runspecimen.egg-info/top_level.txt -> runspecimen-0.2.0rc15/src/runspecimen.egg-info
copying tests/__init__.py -> runspecimen-0.2.0rc15/tests
copying tests/helpers.py -> runspecimen-0.2.0rc15/tests
copying tests/launch_fault_harness.py -> runspecimen-0.2.0rc15/tests
copying tests/test_adversarial.py -> runspecimen-0.2.0rc15/tests
copying tests/test_approval_paths.py -> runspecimen-0.2.0rc15/tests
copying tests/test_bundle.py -> runspecimen-0.2.0rc15/tests
copying tests/test_bwrap_linux.py -> runspecimen-0.2.0rc15/tests
copying tests/test_cli_signing.py -> runspecimen-0.2.0rc15/tests
copying tests/test_companion.py -> runspecimen-0.2.0rc15/tests
copying tests/test_companion_tls_attention.py -> runspecimen-0.2.0rc15/tests
copying tests/test_contract_parser_adversarial.py -> runspecimen-0.2.0rc15/tests
copying tests/test_core_hardening.py -> runspecimen-0.2.0rc15/tests
copying tests/test_dashboard.py -> runspecimen-0.2.0rc15/tests
copying tests/test_demo_cli.py -> runspecimen-0.2.0rc15/tests
copying tests/test_digest.py -> runspecimen-0.2.0rc15/tests
copying tests/test_ed25519.py -> runspecimen-0.2.0rc15/tests
copying tests/test_evidence_expansion.py -> runspecimen-0.2.0rc15/tests
copying tests/test_execution_holder.py -> runspecimen-0.2.0rc15/tests
copying tests/test_fastpath.py -> runspecimen-0.2.0rc15/tests
copying tests/test_freshness_show.py -> runspecimen-0.2.0rc15/tests
copying tests/test_fuzz_contracts.py -> runspecimen-0.2.0rc15/tests
copying tests/test_hash_status.py -> runspecimen-0.2.0rc15/tests
copying tests/test_holder_daemon_accept.py -> runspecimen-0.2.0rc15/tests
copying tests/test_holder_protocol.py -> runspecimen-0.2.0rc15/tests
copying tests/test_holder_runtime_trust.py -> runspecimen-0.2.0rc15/tests
copying tests/test_holder_socket_isolation.py -> runspecimen-0.2.0rc15/tests
copying tests/test_isolation_identity.py -> runspecimen-0.2.0rc15/tests
copying tests/test_launch_faults.py -> runspecimen-0.2.0rc15/tests
copying tests/test_lease.py -> runspecimen-0.2.0rc15/tests
copying tests/test_local_approver.py -> runspecimen-0.2.0rc15/tests
copying tests/test_nm_symbol_gate.py -> runspecimen-0.2.0rc15/tests
copying tests/test_p1_evidence_blockers.py -> runspecimen-0.2.0rc15/tests
copying tests/test_p2_p3_qa_fixes.py -> runspecimen-0.2.0rc15/tests
copying tests/test_phases.py -> runspecimen-0.2.0rc15/tests
copying tests/test_plugins.py -> runspecimen-0.2.0rc15/tests
copying tests/test_predecessor_postflight.py -> runspecimen-0.2.0rc15/tests
copying tests/test_recovery.py -> runspecimen-0.2.0rc15/tests
copying tests/test_rejected_runtime_symbols.py -> runspecimen-0.2.0rc15/tests
copying tests/test_release_archive_reproducibility.py -> runspecimen-0.2.0rc15/tests
copying tests/test_release_source_prelude.py -> runspecimen-0.2.0rc15/tests
copying tests/test_remote_confirm.py -> runspecimen-0.2.0rc15/tests
copying tests/test_runtime_identity_cli 2.py -> runspecimen-0.2.0rc15/tests
copying tests/test_runtime_identity_cli.py -> runspecimen-0.2.0rc15/tests
copying tests/test_runtime_provenance.py -> runspecimen-0.2.0rc15/tests
copying tests/test_schema_compat.py -> runspecimen-0.2.0rc15/tests
copying tests/test_signing.py -> runspecimen-0.2.0rc15/tests
copying tests/test_tamper.py -> runspecimen-0.2.0rc15/tests
copying tests/test_timeout_run.py -> runspecimen-0.2.0rc15/tests
copying tests/test_verify_release_assets.py -> runspecimen-0.2.0rc15/tests
copying work/compute.py -> runspecimen-0.2.0rc15/work
Writing runspecimen-0.2.0rc15/setup.cfg
Creating tar archive
removing 'runspecimen-0.2.0rc15' (and everything under it)
+ /private/tmp/rs-py312-rel-holder/bin/python -m pip wheel --no-index --no-deps --no-build-isolation --wheel-dir /var/folders/nb/gwgrnsjx7d5ftv5rz0nz1vkh0000gn/T/runspecimen-release-9ae8zryv/artifacts /var/folders/nb/gwgrnsjx7d5ftv5rz0nz1vkh0000gn/T/runspecimen-release-9ae8zryv/extracted/runspecimen-0.2.0rc15
Processing /var/folders/nb/gwgrnsjx7d5ftv5rz0nz1vkh0000gn/T/runspecimen-release-9ae8zryv/extracted/runspecimen-0.2.0rc15
  Preparing metadata (pyproject.toml): started
  Preparing metadata (pyproject.toml): finished with status 'done'
Building wheels for collected packages: runspecimen
  Building wheel for runspecimen (pyproject.toml): started
  Building wheel for runspecimen (pyproject.toml): finished with status 'done'
  Created wheel for runspecimen: filename=runspecimen-0.2.0rc15-py3-none-any.whl size=219056 sha256=46fa02e8579b0e1c42e4713b5a32d26e921eca155488db4706776b2e286f9bf1
  Stored in directory: /private/var/folders/nb/gwgrnsjx7d5ftv5rz0nz1vkh0000gn/T/pip-ephem-wheel-cache-84lpbegq/wheels/57/46/5f/5e3d675e13ca933f46ae54fb7069882962c7aad45433c25d53
Successfully built runspecimen
+ /private/tmp/rs-py312-rel-holder/bin/python -m unittest tests.test_phases.DistributionArtifactTests -v
test_homebrew_formula_pins_published_sdist (tests.test_phases.DistributionArtifactTests.test_homebrew_formula_pins_published_sdist) ... ok
test_isolation_cli (tests.test_phases.DistributionArtifactTests.test_isolation_cli) ... ok
test_security_template_policy_hash_matches_file (tests.test_phases.DistributionArtifactTests.test_security_template_policy_hash_matches_file) ... ok
test_templates_parse (tests.test_phases.DistributionArtifactTests.test_templates_parse) ... ok

----------------------------------------------------------------------
Ran 4 tests in 0.010s

OK
+ /private/tmp/rs-py312-rel-holder/bin/python -m venv /var/folders/nb/gwgrnsjx7d5ftv5rz0nz1vkh0000gn/T/runspecimen-release-9ae8zryv/venv
+ /var/folders/nb/gwgrnsjx7d5ftv5rz0nz1vkh0000gn/T/runspecimen-release-9ae8zryv/venv/bin/python -m pip install --no-index --no-deps /var/folders/nb/gwgrnsjx7d5ftv5rz0nz1vkh0000gn/T/runspecimen-release-9ae8zryv/artifacts/runspecimen-0.2.0rc15-py3-none-any.whl
Processing /var/folders/nb/gwgrnsjx7d5ftv5rz0nz1vkh0000gn/T/runspecimen-release-9ae8zryv/artifacts/runspecimen-0.2.0rc15-py3-none-any.whl
Installing collected packages: runspecimen
Successfully installed runspecimen-0.2.0rc15
+ /var/folders/nb/gwgrnsjx7d5ftv5rz0nz1vkh0000gn/T/runspecimen-release-9ae8zryv/venv/bin/runspecimen --version
+ /var/folders/nb/gwgrnsjx7d5ftv5rz0nz1vkh0000gn/T/runspecimen-release-9ae8zryv/venv/bin/python -m runspecimen --version
runspecimen 0.2.0rc15
+ /var/folders/nb/gwgrnsjx7d5ftv5rz0nz1vkh0000gn/T/runspecimen-release-9ae8zryv/venv/bin/runspecimen doctor --workspace /var/folders/nb/gwgrnsjx7d5ftv5rz0nz1vkh0000gn/T/runspecimen-release-9ae8zryv/smoke-workspace
+ /var/folders/nb/gwgrnsjx7d5ftv5rz0nz1vkh0000gn/T/runspecimen-release-9ae8zryv/venv/bin/runspecimen validate --workspace /var/folders/nb/gwgrnsjx7d5ftv5rz0nz1vkh0000gn/T/runspecimen-release-9ae8zryv/smoke-workspace --contract /var/folders/nb/gwgrnsjx7d5ftv5rz0nz1vkh0000gn/T/runspecimen-release-9ae8zryv/smoke-workspace/contract.json
+ /var/folders/nb/gwgrnsjx7d5ftv5rz0nz1vkh0000gn/T/runspecimen-release-9ae8zryv/venv/bin/runspecimen status --workspace /var/folders/nb/gwgrnsjx7d5ftv5rz0nz1vkh0000gn/T/runspecimen-release-9ae8zryv/smoke-workspace --contract /var/folders/nb/gwgrnsjx7d5ftv5rz0nz1vkh0000gn/T/runspecimen-release-9ae8zryv/smoke-workspace/contract.json --campaign-id release-smoke --run-id unapproved
+ /var/folders/nb/gwgrnsjx7d5ftv5rz0nz1vkh0000gn/T/runspecimen-release-9ae8zryv/venv/bin/python /var/folders/nb/gwgrnsjx7d5ftv5rz0nz1vkh0000gn/T/runspecimen-release-9ae8zryv/extracted/runspecimen-0.2.0rc15/plugins/runspecimen/scripts/runspecimen_adapter.py doctor --workspace /var/folders/nb/gwgrnsjx7d5ftv5rz0nz1vkh0000gn/T/runspecimen-release-9ae8zryv/smoke-workspace
{
  "active_bundle": null,
  "active_lease": null,
  "adapters": {
    "cli": true,
    "dashboard": "read_only_loopback",
    "mcp": "no_approve",
    "note": "Host adapters route supported consequential ops through RunSpecimen CLI. Direct editor edits, raw shell subprocesses, and remote actions outside declared backends are not claimed as controlled."
  },
  "config_locations": {
    "active_bundle": "/private/var/folders/nb/gwgrnsjx7d5ftv5rz0nz1vkh0000gn/T/runspecimen-release-9ae8zryv/smoke-workspace/.runspecimen/config/active_bundle.json",
    "env_prefix": "RUNSPECIMEN_*",
    "precedence": [
      "explicit CLI flags",
      "active config bundle (workspace)",
      "environment RUNSPECIMEN_*",
      "engine defaults"
    ],
    "workspace_state": "/private/var/folders/nb/gwgrnsjx7d5ftv5rz0nz1vkh0000gn/T/runspecimen-release-9ae8zryv/smoke-workspace/.runspecimen"
  },
  "contract_path": null,
  "docs": {
    "about": "https://github.com/darashkevich/runspecimen/blob/main/docs/ABOUT.md",
    "faq": "https://github.com/darashkevich/runspecimen/blob/main/docs/FAQ.md",
    "user_guide": "https://github.com/darashkevich/runspecimen/blob/main/docs/USER_GUIDE.md"
  },
  "engine_version": "0.2.0rc15",
  "env_overrides": {},
  "hooks": {
    "checks": "presence_only",
    "expected_plugin_hooks": [
      "plugins/runspecimen/hooks/hooks.json",
      "plugins/runspecimen/hooks/claude-hooks.json"
    ],
    "functional_smoke": "Run plugin tests (tests/test_plugins.py) for approve-gate refusal. Doctor does not execute hooks."
  },
  "isolation": {
    "backends": {
      "bwrap": {
        "available": false,
        "platform": "linux"
      },
      "none": {
        "available": true,
        "enforced": false
      },
      "sandbox-exec": {
        "available": true,
        "platform": "darwin"
      }
    },
    "claim": "Default execution is not confined. Opt in with contract.isolation. Resource limits are not an OS sandbox.",
    "default_backend": "none"
  },
  "ok": true,
  "platform": "macOS-27.0.1-arm64-arm-64bit",
  "python": "3.12.14",
  "supported_ops": [
    "approve(TTY)",
    "preflight",
    "run",
    "postflight",
    "verify",
    "requirements",
    "freshness",
    "snapshot",
    "usage",
    "coordination",
    "eval"
  ],
  "sync": {
    "note": "Use config preview/apply explicitly; doctor never mutates config.",
    "silent_sync_during_doctor": false
  },
  "uncovered_ops": [
    "direct_editor_file_writes",
    "unmediated_shell_subprocesses",
    "remote_side_effects_outside_contract",
    "agent_approval"
  ],
  "workspace": "/private/var/folders/nb/gwgrnsjx7d5ftv5rz0nz1vkh0000gn/T/runspecimen-release-9ae8zryv/smoke-workspace",
  "workspace_lease_held": false,
  "workspace_writable": true
}
+ /var/folders/nb/gwgrnsjx7d5ftv5rz0nz1vkh0000gn/T/runspecimen-release-9ae8zryv/venv/bin/runspecimen dashboard --help
+ /var/folders/nb/gwgrnsjx7d5ftv5rz0nz1vkh0000gn/T/runspecimen-release-9ae8zryv/venv/bin/python -c 
import json, threading, urllib.error, urllib.request
from pathlib import Path
from runspecimen.dashboard import start_dashboard
workspace, contract = map(Path, __import__('sys').argv[1:3])
server, url = start_dashboard(workspace=workspace, contract_path=contract)
thread = threading.Thread(target=server.serve_forever, daemon=True)
thread.start()
try:
    opener = urllib.request.build_opener(urllib.request.ProxyHandler({}))
    with opener.open(url, timeout=5) as response:
        page = response.read().decode('utf-8')
        assert 'RunSpecimen' in page and response.headers.get('Cache-Control') == 'no-store'
    with opener.open(url + 'api/status', timeout=5) as response:
        status = json.load(response)
        assert status.get('campaign_id') == 'release-smoke' and status.get('approval') is None
    try:
        opener.open(urllib.request.Request(url + 'api/status', data=b'{}', method='POST'), timeout=5)
    except urllib.error.HTTPError as exc:
        assert exc.code == 405
    else:
        raise AssertionError('dashboard accepted a mutation')
finally:
    server.shutdown(); thread.join(timeout=5); server.server_close()
 /var/folders/nb/gwgrnsjx7d5ftv5rz0nz1vkh0000gn/T/runspecimen-release-9ae8zryv/smoke-workspace /var/folders/nb/gwgrnsjx7d5ftv5rz0nz1vkh0000gn/T/runspecimen-release-9ae8zryv/smoke-workspace/contract.json
+ /var/folders/nb/gwgrnsjx7d5ftv5rz0nz1vkh0000gn/T/runspecimen-release-9ae8zryv/venv/bin/runspecimen keygen --workspace /var/folders/nb/gwgrnsjx7d5ftv5rz0nz1vkh0000gn/T/runspecimen-release-9ae8zryv/smoke-workspace --key-id smoke-key
+ /var/folders/nb/gwgrnsjx7d5ftv5rz0nz1vkh0000gn/T/runspecimen-release-9ae8zryv/venv/bin/runspecimen list-keys --workspace /var/folders/nb/gwgrnsjx7d5ftv5rz0nz1vkh0000gn/T/runspecimen-release-9ae8zryv/smoke-workspace
+ /var/folders/nb/gwgrnsjx7d5ftv5rz0nz1vkh0000gn/T/runspecimen-release-9ae8zryv/venv/bin/runspecimen sign --workspace /var/folders/nb/gwgrnsjx7d5ftv5rz0nz1vkh0000gn/T/runspecimen-release-9ae8zryv/smoke-workspace --key-id smoke-key --certificate /var/folders/nb/gwgrnsjx7d5ftv5rz0nz1vkh0000gn/T/runspecimen-release-9ae8zryv/smoke-workspace/nonexistent-certificate.json --contract /var/folders/nb/gwgrnsjx7d5ftv5rz0nz1vkh0000gn/T/runspecimen-release-9ae8zryv/smoke-workspace/contract.json
+ /var/folders/nb/gwgrnsjx7d5ftv5rz0nz1vkh0000gn/T/runspecimen-release-9ae8zryv/venv/bin/runspecimen sign --workspace /var/folders/nb/gwgrnsjx7d5ftv5rz0nz1vkh0000gn/T/runspecimen-release-9ae8zryv/smoke-workspace --key-id smoke-key --certificate /var/folders/nb/gwgrnsjx7d5ftv5rz0nz1vkh0000gn/T/runspecimen-release-9ae8zryv/smoke-workspace/invalid-certificate.json --contract /var/folders/nb/gwgrnsjx7d5ftv5rz0nz1vkh0000gn/T/runspecimen-release-9ae8zryv/smoke-workspace/contract.json
+ /var/folders/nb/gwgrnsjx7d5ftv5rz0nz1vkh0000gn/T/runspecimen-release-9ae8zryv/venv/bin/runspecimen sign --workspace /var/folders/nb/gwgrnsjx7d5ftv5rz0nz1vkh0000gn/T/runspecimen-release-9ae8zryv/smoke-workspace --key-id nonexistent-key --certificate /var/folders/nb/gwgrnsjx7d5ftv5rz0nz1vkh0000gn/T/runspecimen-release-9ae8zryv/smoke-workspace/minimal-certificate.json --contract /var/folders/nb/gwgrnsjx7d5ftv5rz0nz1vkh0000gn/T/runspecimen-release-9ae8zryv/smoke-workspace/contract.json
+ /var/folders/nb/gwgrnsjx7d5ftv5rz0nz1vkh0000gn/T/runspecimen-release-9ae8zryv/venv/bin/runspecimen verify-signature --workspace /var/folders/nb/gwgrnsjx7d5ftv5rz0nz1vkh0000gn/T/runspecimen-release-9ae8zryv/smoke-workspace --key-id smoke-key --signed /var/folders/nb/gwgrnsjx7d5ftv5rz0nz1vkh0000gn/T/runspecimen-release-9ae8zryv/smoke-workspace/nonexistent.signed.json --contract /var/folders/nb/gwgrnsjx7d5ftv5rz0nz1vkh0000gn/T/runspecimen-release-9ae8zryv/smoke-workspace/contract.json
+ /var/folders/nb/gwgrnsjx7d5ftv5rz0nz1vkh0000gn/T/runspecimen-release-9ae8zryv/venv/bin/runspecimen verify-signature --workspace /var/folders/nb/gwgrnsjx7d5ftv5rz0nz1vkh0000gn/T/runspecimen-release-9ae8zryv/smoke-workspace --key-id smoke-key --signed /var/folders/nb/gwgrnsjx7d5ftv5rz0nz1vkh0000gn/T/runspecimen-release-9ae8zryv/smoke-workspace/invalid.signed.json --contract /var/folders/nb/gwgrnsjx7d5ftv5rz0nz1vkh0000gn/T/runspecimen-release-9ae8zryv/smoke-workspace/contract.json
+ /var/folders/nb/gwgrnsjx7d5ftv5rz0nz1vkh0000gn/T/runspecimen-release-9ae8zryv/venv/bin/runspecimen verify-signature --workspace /var/folders/nb/gwgrnsjx7d5ftv5rz0nz1vkh0000gn/T/runspecimen-release-9ae8zryv/smoke-workspace --key-id nonexistent-key --signed /var/folders/nb/gwgrnsjx7d5ftv5rz0nz1vkh0000gn/T/runspecimen-release-9ae8zryv/smoke-workspace/minimal.signed.json --contract /var/folders/nb/gwgrnsjx7d5ftv5rz0nz1vkh0000gn/T/runspecimen-release-9ae8zryv/smoke-workspace/contract.json
Validated release artifacts: /Users/yahor/Documents/Codex/2026-08-24/qa-worktrees/pr39-protocol/artifacts/rc15-2026-10-01-qa-py312-pipes
RunSpecimen release candidate checks passed.
